"SampleID","dhps_431","dhps_437","dhps_540","dhps_581","dhfr_51","dhfr_59","dhfr_108","HAPLO_FREQ","HAPLO_FREQ_RECALC","haplotype","flag_dhps_431","flag_dhps_437","flag_dhfr_51","flag_dhfr_59","flag_dhfr_108","flag_pop_freq"
"3D7-100K_S7_L001","I","G","K","A","N","C","S",1,1,"I_G_K_A_N_C_S","correct","correct","correct","correct","correct","PASSED"
"3D7-100K_S8_L001","I","G","K","A","N","C","S",1,1,"I_G_K_A_N_C_S","correct","correct","correct","correct","correct","PASSED"
"3D7-100Ka_S7_L001","I","G","K","A","N","C","S",1,1,"I_G_K_A_N_C_S","correct","correct","correct","correct","correct","PASSED"
"3D7-100kf_S79_L001","I","G","K","A","N","C","S",1,1,"I_G_K_A_N_C_S","correct","correct","correct","correct","correct","PASSED"
"3D7-10k_S56_L001","I","G","K","A","N","C","S",1,1,"I_G_K_A_N_C_S","correct","correct","correct","correct","correct","PASSED"
"3D7-10kf_S72_L001","I","G","K","A","N","C","S",1,1,"I_G_K_A_N_C_S","correct","correct","correct","correct","correct","PASSED"
"3D7-Dd2-k13-60-40-100K_S68_L001","I","G","K","A","N","C","S",0.677265975653073,0.677265975653073,"I_G_K_A_N_C_S","correct","correct","correct","correct","correct","PASSED"
"3D7-Dd2-k13-60-40-100K_S68_L001","I","G","K","A","I","R","N",0.322734024346927,0.322734024346927,"I_G_K_A_I_R_N","correct","correct","correct","correct","correct","PASSED"
"3D7-Dd2-k13-60-40-100K_S88_L001","I","G","E","A","I","R","N",0.984233349033929,0.984233349033929,"I_G_E_A_I_R_N","correct","correct","correct","correct","correct",NA
"3D7-Dd2-k13-60-40-100K_S88_L001","I","G","K","A","N","C","S",0.0157666509660713,0.0157666509660713,"I_G_K_A_N_C_S","correct","correct","dubious","dubious","dubious","PASSED"
"3D7-Dd2-k13-60-40-100Ka_S52_L001","I","G","K","A","N","C","S",0.642712985938792,0.642712985938792,"I_G_K_A_N_C_S","correct","correct","correct","correct","correct","PASSED"
"3D7-Dd2-k13-60-40-100Ka_S52_L001","I","G","K","A","I","R","N",0.357287014061208,0.357287014061208,"I_G_K_A_I_R_N","correct","correct","correct","correct","correct","PASSED"
"3D7-Dd2-k13-75-25-100K_S67_L001","I","G","K","A","N","C","S",0.802707445025747,0.802707445025747,"I_G_K_A_N_C_S","correct","correct","correct","correct","correct","PASSED"
"3D7-Dd2-k13-75-25-100K_S67_L001","I","G","K","A","I","R","N",0.197292554974253,0.197292554974253,"I_G_K_A_I_R_N","correct","correct","correct","correct","dubious","PASSED"
"3D7-Dd2-k13-75-25-100K_S87_L001","I","G","E","A","I","R","S",0.646508455407636,0.646508455407636,"I_G_E_A_I_R_S","correct","correct","correct","correct","correct",NA
"3D7-Dd2-k13-75-25-100K_S87_L001","I","G","K","A","N","C","N",0.353491544592364,0.353491544592364,"I_G_K_A_N_C_N","correct","correct","correct","correct","correct",NA
"3D7-Dd2-k13-75-25-100Ka_S51_L001","I","G","K","A","N","C","S",0.781028774250544,0.781028774250544,"I_G_K_A_N_C_S","correct","correct","correct","correct","correct","PASSED"
"3D7-Dd2-k13-75-25-100Ka_S51_L001","I","G","K","A","I","R","N",0.218971225749456,0.218971225749456,"I_G_K_A_I_R_N","correct","correct","correct","correct","dubious","PASSED"
"3D7-Dd2-k13-90-10-100K_S66_L001","I","G","K","A","N","C","S",0.907327586206897,0.907327586206897,"I_G_K_A_N_C_S","correct","correct","correct","correct","correct","PASSED"
"3D7-Dd2-k13-90-10-100K_S66_L001","I","G","K","A","I","R","N",0.0926724137931033,0.0926724137931033,"I_G_K_A_I_R_N","correct","correct","correct","correct","dubious","PASSED"
"3D7-Dd2-k13-90-10-100K_S86_L001","I","G","K","A","N","C","S",0.823649262780567,0.823649262780567,"I_G_K_A_N_C_S","correct","correct","correct","correct","correct","PASSED"
"3D7-Dd2-k13-90-10-100K_S86_L001","I","A","E","A","I","R","N",0.176350737219433,0.176350737219433,"I_A_E_A_I_R_N","correct","correct","correct","correct","dubious",NA
"3D7-Dd2-k13-90-10-100Ka_S50_L001","I","G","K","A","N","C","S",0.908770835360351,0.908770835360351,"I_G_K_A_N_C_S","correct","correct","correct","correct","correct","PASSED"
"3D7-Dd2-k13-90-10-100Ka_S50_L001","I","G","K","A","I","R","N",0.0912291646396487,0.0912291646396487,"I_G_K_A_I_R_N","correct","correct","correct","correct","dubious","PASSED"
"3D7-Dd2-k13-95-5-100K_S65_L001","I","G","K","A","N","C","S",1,1,"I_G_K_A_N_C_S","correct","correct","correct","correct","correct","PASSED"
"3D7-Dd2-k13-95-5-100K_S85_L001","I","G","K","A","N","C","S",0.642197665668145,0.642197665668145,"I_G_K_A_N_C_S","correct","correct","correct","correct","correct","PASSED"
"3D7-Dd2-k13-95-5-100K_S85_L001","I","G","K","A","I","R","N",0.357802334331855,0.357802334331855,"I_G_K_A_I_R_N","correct","correct","correct","correct","correct","PASSED"
"3D7-Dd2-k13-95-5-100Ka_S49_L001","I","G","K","A","N","C","S",1,1,"I_G_K_A_N_C_S","correct","correct","correct","correct","correct","PASSED"
"3D7-Dd2-k13-98-2-100K_S48_L001","I","G","K","A","N","C","S",1,1,"I_G_K_A_N_C_S","correct","correct","correct","correct","correct","PASSED"
"3D7-Dd2-k13-98-2-100K_S84_L001","I","G","K","A","N","C","S",0.723881421135522,0.723881421135522,"I_G_K_A_N_C_S","correct","correct","correct","correct","correct","PASSED"
"3D7-Dd2-k13-98-2-100K_S84_L001","I","G","E","A","N","R","N",0.276118578864478,0.276118578864478,"I_G_E_A_N_R_N","correct","correct","correct","correct","dubious",NA
"3D7-HB3-10-90-10K_S76_L001","I","G","K","A","I","R","N",0.511278195488722,0.511278195488722,"I_G_K_A_I_R_N","correct","correct","correct","correct","correct","PASSED"
"3D7-HB3-10-90-10K_S76_L001","I","G","K","A","N","C","N",0.488721804511278,0.488721804511278,"I_G_K_A_N_C_N","correct","correct","correct","correct","correct",NA
"3D7-HB3-10-90-10K_S94_L001","I","G","E","A","I","R","N",1,1,"I_G_E_A_I_R_N","correct","correct","correct","correct","correct",NA
"3D7-HB3-10-90-10Ka_S60_L001","I","G","E","A","N","C","N",1,1,"I_G_E_A_N_C_N","correct","correct","correct","correct","correct",NA
"3D7-HB3-2-98-10K_S78_L001","I","G","K","A","I","R","N",1,1,"I_G_K_A_I_R_N","correct","correct","correct","correct","correct","PASSED"
"3D7-HB3-2-98-10K_S96_L001","I","G","E","A","I","R","N",1,1,"I_G_E_A_I_R_N","correct","correct","correct","correct","correct",NA
"3D7-HB3-2-98-10Ka_S62_L001","I","G","E","A","I","R","N",1,1,"I_G_E_A_I_R_N","correct","correct","correct","correct","correct",NA
"3D7-HB3-25-75-10K_S75_L001","I","G","E","A","I","C","N",1,1,"I_G_E_A_I_C_N","correct","correct","correct","correct","correct",NA
"3D7-HB3-25-75-10K_S93_L001","I","G","E","A","I","R","N",1,1,"I_G_E_A_I_R_N","correct","correct","correct","correct","correct",NA
"3D7-HB3-25-75-10Ka_S59_L001","I","G","K","A","I","R","N",1,1,"I_G_K_A_I_R_N","correct","correct","correct","correct","correct","PASSED"
"3D7-HB3-5-95-10K_S77_L001","I","G","K","A","N","C","N",0.615384615384615,0.615384615384615,"I_G_K_A_N_C_N","correct","correct","correct","correct","correct",NA
"3D7-HB3-5-95-10K_S77_L001","I","G","K","A","I","R","N",0.384615384615385,0.384615384615385,"I_G_K_A_I_R_N","correct","correct","correct","correct","correct","PASSED"
"3D7-HB3-5-95-10K_S95_L001","I","G","E","A","I","R","N",1,1,"I_G_E_A_I_R_N","correct","correct","correct","correct","correct",NA
"3D7-HB3-5-95-10Ka_S61_L001","I","G","K","A","I","R","N",0.826086956521739,0.826086956521739,"I_G_K_A_I_R_N","correct","correct","correct","correct","correct","PASSED"
"3D7-HB3-5-95-10Ka_S61_L001","I","G","K","A","I","C","N",0.173913043478261,0.173913043478261,"I_G_K_A_I_C_N","correct","correct","correct","correct","dubious",NA
"3D7-HB3-50-50-10K_S74_L001","I","G","K","A","N","C","S",0.654963446145118,0.654963446145118,"I_G_K_A_N_C_S","correct","correct","correct","correct","correct","PASSED"
"3D7-HB3-50-50-10K_S74_L001","I","A","K","A","N","C","N",0.345036553854882,0.345036553854882,"I_A_K_A_N_C_N","correct","correct","correct","correct","correct","PASSED"
"3D7-HB3-50-50-10K_S92_L001","I","G","E","A","I","R","N",1,1,"I_G_E_A_I_R_N","correct","correct","correct","correct","correct",NA
"3D7-HB3-50-50-10Ka_S58_L001","I","G","K","A","N","C","S",0.65881470236105,0.65881470236105,"I_G_K_A_N_C_S","correct","correct","correct","correct","correct","PASSED"
"3D7-HB3-50-50-10Ka_S58_L001","I","A","K","A","N","C","N",0.34118529763895,0.34118529763895,"I_A_K_A_N_C_N","correct","correct","correct","correct","correct","PASSED"
"3D7-HB3-75-25-10K_S73_L001","I","G","K","A","N","C","S",0.849721136237355,0.849721136237355,"I_G_K_A_N_C_S","correct","correct","correct","correct","correct","PASSED"
"3D7-HB3-75-25-10K_S73_L001","I","A","K","A","N","R","N",0.150278863762645,0.150278863762645,"I_A_K_A_N_R_N","correct","correct","correct","correct","dubious",NA
"3D7-HB3-75-25-10K_S91_L001","I","G","E","A","I","R","N",0.995006514979427,1,"I_G_E_A_I_R_N","correct","correct","correct","correct","correct",NA
"3D7-HB3-75-25-10Ka_S57_L001","I","G","K","A","N","C","S",0.779116548488596,0.779116548488596,"I_G_K_A_N_C_S","correct","correct","correct","correct","correct","PASSED"
"3D7-HB3-75-25-10Ka_S57_L001","I","A","K","A","N","C","N",0.220883451511404,0.220883451511404,"I_A_K_A_N_C_N","correct","correct","correct","correct","dubious","PASSED"
"3D7-HB3-90-10-10K_S70_L001","I","G","K","A","N","C","S",0.89541498567836,0.89541498567836,"I_G_K_A_N_C_S","correct","correct","correct","correct","correct","PASSED"
"3D7-HB3-90-10-10K_S70_L001","I","A","K","A","N","C","N",0.10458501432164,0.10458501432164,"I_A_K_A_N_C_N","correct","correct","correct","correct","dubious","PASSED"
"3D7-HB3-90-10-10K_S90_L001","I","G","E","A","I","R","N",0.996715927750411,1,"I_G_E_A_I_R_N","correct","correct","correct","correct","correct",NA
"3D7-HB3-90-10-10Ka_S54_L001","I","G","K","A","N","C","S",0.926052332195677,0.926052332195677,"I_G_K_A_N_C_S","correct","correct","correct","correct","correct","PASSED"
"3D7-HB3-90-10-10Ka_S54_L001","I","A","K","A","N","C","S",0.073947667804323,0.073947667804323,"I_A_K_A_N_C_S","correct","correct","correct","correct","dubious","PASSED"
"3D7-HB3-95-5-10K_S69_L001","I","G","K","A","N","C","S",1,1,"I_G_K_A_N_C_S","correct","correct","correct","correct","correct","PASSED"
"3D7-HB3-95-5-10K_S89_L001","I","G","E","A","I","R","N",0.997050147492625,1,"I_G_E_A_I_R_N","correct","correct","correct","correct","correct",NA
"3D7-HB3-95-5-10Ka_S53_L001","I","G","K","A","N","C","S",1,1,"I_G_K_A_N_C_S","correct","correct","correct","correct","correct","PASSED"
"3D7100_S56_L001","I","G","K","A","N","C","N",0.671529219651431,0.671529219651431,"I_G_K_A_N_C_N","correct","correct","correct","correct","correct",NA
"3D7100_S56_L001","I","A","K","A","I","R","S",0.328470780348569,0.328470780348569,"I_A_K_A_I_R_S","correct","correct","correct","correct","correct",NA
"3D7_100Kb_S103","I","G","K","A","N","C","S",1,1,"I_G_K_A_N_C_S","correct","correct","correct","correct","correct","PASSED"
"3D7_10ka_S56","I","G","K","A","N","C","S",1,1,"I_G_K_A_N_C_S","correct","correct","correct","correct","correct","PASSED"
"3D7_10kb_S152","I","G","K","A","N","C","S",1,1,"I_G_K_A_N_C_S","correct","correct","correct","correct","correct","PASSED"
"D10-Density-10","I","A","E","A","N","C","S",0.842626042526579,0.84262604252658,"I_A_E_A_N_C_S","correct","correct","correct","correct","correct",NA
"D10-Density-10","I","A","K","A","N","C","N",0.15737395747342,0.15737395747342,"I_A_K_A_N_C_N","correct","correct","correct","correct","dubious","PASSED"
"D10-Density-100","I","A","E","A","N","C","S",0.761254612546125,0.761254612546125,"I_A_E_A_N_C_S","correct","correct","correct","correct","correct",NA
"D10-Density-100","I","A","K","A","N","C","S",0.238745387453875,0.238745387453875,"I_A_K_A_N_C_S","correct","correct","correct","correct","dubious","PASSED"
"D10-Density-10K","I","A","K","A","N","C","S",1,1,"I_A_K_A_N_C_S","correct","correct","correct","correct","correct","PASSED"
"D10-Density-1K","I","A","K","A","N","C","S",0.808341929462619,0.808341929462619,"I_A_K_A_N_C_S","correct","correct","correct","correct","correct","PASSED"
"D10-Density-1K","I","A","E","A","N","C","N",0.191658070537381,0.191658070537381,"I_A_E_A_N_C_N","correct","correct","correct","correct","dubious",NA
"DD2_K539T_100ka_S7","I","G","K","A","I","R","N",1,1,"I_G_K_A_I_R_N","correct","correct","correct","correct","correct","PASSED"
"DS2-DC1-10","I","G","E","A","I","R","N",1,1,"I_G_E_A_I_R_N","correct","correct","correct","correct","correct",NA
"DS2-DC1-100","I","G","E","A","I","R","N",1,1,"I_G_E_A_I_R_N","correct","correct","correct","correct","correct",NA
"DS2-DC1-10K","I","G","E","A","I","R","N",1,1,"I_G_E_A_I_R_N","correct","correct","correct","correct","correct",NA
"DS2-DC1-1K","I","G","E","A","I","R","N",1,1,"I_G_E_A_I_R_N","correct","correct","correct","correct","correct",NA
"DS2-DC2-10","I","G","E","A","I","R","S",0.666666666666667,0.666666666666667,"I_G_E_A_I_R_S","correct","correct","correct","correct","correct",NA
"DS2-DC2-10","I","G","E","A","I","R","N",0.333333333333333,0.333333333333333,"I_G_E_A_I_R_N","correct","correct","correct","correct","correct",NA
"DS2-DC2-100","I","G","E","A","I","R","N",1,1,"I_G_E_A_I_R_N","correct","correct","correct","correct","correct",NA
"DS2-DC2-10K","I","G","E","A","I","R","N",1,1,"I_G_E_A_I_R_N","correct","correct","correct","correct","correct",NA
"DS2-DC2-1K","I","G","E","A","I","R","N",1,1,"I_G_E_A_I_R_N","correct","correct","correct","correct","correct",NA
"DS2-DC3-10","I","G","E","A","I","R","N",1,1,"I_G_E_A_I_R_N","correct","correct","correct","correct","correct",NA
"DS2-DC3-100","I","G","E","A","I","R","N",1,1,"I_G_E_A_I_R_N","correct","correct","correct","correct","correct",NA
"DS2-DC3-10K","I","G","E","A","I","R","N",1,1,"I_G_E_A_I_R_N","correct","correct","correct","correct","correct",NA
"DS2-DC3-1K","I","G","E","A","I","R","N",1,1,"I_G_E_A_I_R_N","correct","correct","correct","correct","correct",NA
"DS2-DC4-10","I","G","E","A","I","R","N",1,1,"I_G_E_A_I_R_N","correct","correct","correct","correct","correct",NA
"DS2-DC4-100","I","G","E","A","I","R","N",1,1,"I_G_E_A_I_R_N","correct","correct","correct","correct","correct",NA
"DS2-DC4-10K","I","G","E","A","I","R","N",1,1,"I_G_E_A_I_R_N","correct","correct","correct","correct","correct",NA
"DS2-DC4-1K","I","G","E","A","I","R","N",1,1,"I_G_E_A_I_R_N","correct","correct","correct","correct","correct",NA
"DS2-DC5-10","I","G","E","A","I","R","N",1,1,"I_G_E_A_I_R_N","correct","correct","correct","correct","correct",NA
"DS2-DC5-100","I","G","E","A","I","R","N",0.8,0.8,"I_G_E_A_I_R_N","correct","correct","correct","correct","correct",NA
"DS2-DC5-100","I","G","K","A","I","R","N",0.2,0.2,"I_G_K_A_I_R_N","correct","correct","correct","correct","dubious","PASSED"
"DS2-DC5-10K","I","G","E","A","I","R","N",0.804469273743017,0.804469273743017,"I_G_E_A_I_R_N","correct","correct","correct","correct","correct",NA
"DS2-DC5-10K","I","G","K","A","I","R","N",0.195530726256983,0.195530726256983,"I_G_K_A_I_R_N","correct","correct","correct","correct","dubious","PASSED"
"DS2-DC5-1K","I","G","E","A","I","R","N",0.808471454880295,0.808471454880295,"I_G_E_A_I_R_N","correct","correct","correct","correct","correct",NA
"DS2-DC5-1K","I","G","K","A","I","R","N",0.191528545119705,0.191528545119705,"I_G_K_A_I_R_N","correct","correct","correct","correct","dubious","PASSED"
"Dd2-10","I","G","K","A","I","R","N",1,1,"I_G_K_A_I_R_N","correct","correct","correct","correct","correct","PASSED"
"Dd2-10-1","I","G","K","A","I","R","N",1,1,"I_G_K_A_I_R_N","correct","correct","correct","correct","correct","PASSED"
"Dd2-10-2","I","G","K","A","I","R","N",1,1,"I_G_K_A_I_R_N","correct","correct","correct","correct","correct","PASSED"
"Dd2-100","I","G","K","A","I","R","N",1,1,"I_G_K_A_I_R_N","correct","correct","correct","correct","correct","PASSED"
"Dd2-100-1","I","G","K","A","I","R","N",1,1,"I_G_K_A_I_R_N","correct","correct","correct","correct","correct","PASSED"
"Dd2-100-2","I","G","K","A","I","R","N",1,1,"I_G_K_A_I_R_N","correct","correct","correct","correct","correct","PASSED"
"Dd2-10K","I","G","K","A","I","R","N",1,1,"I_G_K_A_I_R_N","correct","correct","correct","correct","correct","PASSED"
"Dd2-10K-1","I","G","K","A","I","R","N",1,1,"I_G_K_A_I_R_N","correct","correct","correct","correct","correct","PASSED"
"Dd2-10K-2","I","G","K","A","I","R","N",1,1,"I_G_K_A_I_R_N","correct","correct","correct","correct","correct","PASSED"
"Dd2-10K_S56_L001","I","G","K","A","I","R","N",1,1,"I_G_K_A_I_R_N","correct","correct","correct","correct","correct","PASSED"
"Dd2-1K-1","I","G","K","A","I","R","N",1,1,"I_G_K_A_I_R_N","correct","correct","correct","correct","correct","PASSED"
"Dd2-1K-2","I","G","K","A","I","R","N",1,1,"I_G_K_A_I_R_N","correct","correct","correct","correct","correct","PASSED"
"HB3-Density-10","I","A","E","A","N","C","N",0.895900955207271,0.895900955207271,"I_A_E_A_N_C_N","correct","correct","correct","correct","correct",NA
"HB3-Density-10","I","A","K","G","N","C","N",0.104099044792729,0.104099044792729,"I_A_K_G_N_C_N","correct","correct","correct","correct","dubious",NA
"HB3-Density-100","I","A","E","A","N","C","N",0.802692307692308,0.802692307692308,"I_A_E_A_N_C_N","correct","correct","correct","correct","correct",NA
"HB3-Density-100","I","A","K","A","N","C","N",0.197307692307692,0.197307692307692,"I_A_K_A_N_C_N","correct","correct","correct","correct","dubious","PASSED"
"HB3-Density-10K","I","A","K","A","N","C","N",1,1,"I_A_K_A_N_C_N","correct","correct","correct","correct","correct","PASSED"
"HB3-Density-1K","I","A","E","A","N","C","N",0.778221778221778,0.778221778221778,"I_A_E_A_N_C_N","correct","correct","correct","correct","correct",NA
"HB3-Density-1K","I","A","K","A","N","C","N",0.221778221778222,0.221778221778222,"I_A_K_A_N_C_N","correct","correct","correct","correct","dubious","PASSED"
"N3D7-100K_S7_L001","I","G","K","A","N","C","S",1,1,"I_G_K_A_N_C_S","correct","correct","correct","correct","correct","PASSED"
"N3D7-10k_S56_L001","I","G","K","A","N","C","S",0.981150793650794,0.981150793650794,"I_G_K_A_N_C_S","correct","correct","correct","correct","correct","PASSED"
"N3D7-10k_S56_L001","I","G","K","A","N","R","S",0.0188492063492059,0.0188492063492059,"I_G_K_A_N_R_S","correct","correct","dubious","dubious","dubious",NA
"N3D7100KA_S7","I","G","K","A","I","R","N",1,1,"I_G_K_A_I_R_N","correct","correct","correct","correct","correct","PASSED"
"N3D7100KD_S208","I","G","K","A","N","C","S",1,1,"I_G_K_A_N_C_S","correct","correct","correct","correct","correct","PASSED"
"N3D7100K_S7_L001","I","G","K","A","N","C","S",1,1,"I_G_K_A_N_C_S","correct","correct","correct","correct","correct","PASSED"
"N3D7100K_a_S7","I","G","K","A","N","C","S",1,1,"I_G_K_A_N_C_S","correct","correct","correct","correct","correct","PASSED"
"N3D7100Ka_S7","I","G","K","A","N","C","S",1,1,"I_G_K_A_N_C_S","correct","correct","correct","correct","correct","PASSED"
"N3D7100Kb_S103","I","G","K","A","N","C","S",1,1,"I_G_K_A_N_C_S","correct","correct","correct","correct","correct","PASSED"
"N3D7100Kc_S199","I","G","K","A","N","C","S",1,1,"I_G_K_A_N_C_S","correct","correct","correct","correct","correct","PASSED"
"N3D7100Ke_S329","I","G","K","A","N","C","S",1,1,"I_G_K_A_N_C_S","correct","correct","correct","correct","correct","PASSED"
"N3D7100_S137","I","G","K","A","N","C","S",1,1,"I_G_K_A_N_C_S","correct","correct","correct","correct","correct","PASSED"
"N3D7100a_S56","I","G","K","A","N","C","S",1,1,"I_G_K_A_N_C_S","correct","correct","correct","correct","correct","PASSED"
"N3D7100c_S248","I","G","K","A","N","C","S",1,1,"I_G_K_A_N_C_S","correct","correct","correct","correct","correct","PASSED"
"N3D7100c_S272","I","G","K","A","N","C","S",1,1,"I_G_K_A_N_C_S","correct","correct","correct","correct","correct","PASSED"
"N3D7100d_S279","I","G","K","A","N","C","S",1,1,"I_G_K_A_N_C_S","correct","correct","correct","correct","correct","PASSED"
"N3D7100d_S322","I","G","K","A","N","C","S",1,1,"I_G_K_A_N_C_S","correct","correct","correct","correct","correct","PASSED"
"N3D710Kd_S320","I","G","K","A","N","C","S",1,1,"I_G_K_A_N_C_S","correct","correct","correct","correct","correct","PASSED"
"N3D710kA_S56","I","G","K","A","I","R","N",1,1,"I_G_K_A_I_R_N","correct","correct","correct","correct","correct","PASSED"
"N3D710k_S56_L001","I","G","K","A","N","C","S",1,1,"I_G_K_A_N_C_S","correct","correct","correct","correct","correct","PASSED"
"N3D710ka_S56","I","G","K","A","N","C","S",1,1,"I_G_K_A_N_C_S","correct","correct","correct","correct","correct","PASSED"
"N3D710kb_S152","I","G","K","A","N","C","S",1,1,"I_G_K_A_N_C_S","correct","correct","correct","correct","correct","PASSED"
"N3D710kc_S248","I","G","K","A","N","C","S",1,1,"I_G_K_A_N_C_S","correct","correct","correct","correct","correct","PASSED"
"N3D71KC_S192","I","G","K","A","N","C","S",1,1,"I_G_K_A_N_C_S","correct","correct","correct","correct","correct","PASSED"
"N3D71K_S90","I","G","K","A","N","C","S",1,1,"I_G_K_A_N_C_S","correct","correct","correct","correct","correct","PASSED"
"N3D71K_d_S196","I","G","K","A","N","C","S",1,1,"I_G_K_A_N_C_S","correct","correct","correct","correct","correct","PASSED"
"N3D71Ka_S7","I","G","K","A","N","C","S",1,1,"I_G_K_A_N_C_S","correct","correct","correct","correct","correct","PASSED"
"N3D7_100Ka_S7","I","G","K","A","N","C","S",1,1,"I_G_K_A_N_C_S","correct","correct","correct","correct","correct","PASSED"
"N3D7_100Ka_S7_L001","I","G","K","A","N","C","S",1,1,"I_G_K_A_N_C_S","correct","correct","correct","correct","correct","PASSED"
"N3D7_100Kb_S101","I","G","K","A","N","C","S",1,1,"I_G_K_A_N_C_S","correct","correct","correct","correct","correct","PASSED"
"N3D7_100Kb_S102","I","G","K","A","N","C","S",1,1,"I_G_K_A_N_C_S","correct","correct","correct","correct","correct","PASSED"
"N3D7_100Kb_S103","I","G","K","A","N","C","S",1,1,"I_G_K_A_N_C_S","correct","correct","correct","correct","correct","PASSED"
"N3D7_100Kc_S185","I","G","K","A","N","C","S",1,1,"I_G_K_A_N_C_S","correct","correct","correct","correct","correct","PASSED"
"N3D7_100Kc_S197","I","G","K","A","N","C","S",1,1,"I_G_K_A_N_C_S","correct","correct","correct","correct","correct","PASSED"
"N3D7_100Kc_S199","I","G","K","A","N","C","S",1,1,"I_G_K_A_N_C_S","correct","correct","correct","correct","correct","PASSED"
"N3D7_100a_S56","I","G","K","A","N","C","S",1,1,"I_G_K_A_N_C_S","correct","correct","correct","correct","correct","PASSED"
"N3D7_100d_S283","I","G","K","A","N","C","S",1,1,"I_G_K_A_N_C_S","correct","correct","correct","correct","correct","PASSED"
"N3D7_10ka_S56","I","G","K","A","N","C","S",1,1,"I_G_K_A_N_C_S","correct","correct","correct","correct","correct","PASSED"
"N3D7_10ka_S56_L001","I","G","K","A","N","C","S",1,1,"I_G_K_A_N_C_S","correct","correct","correct","correct","correct","PASSED"
"N3D7_10kb_S150","I","G","K","A","N","C","S",1,1,"I_G_K_A_N_C_S","correct","correct","correct","correct","correct","PASSED"
"N3D7_10kb_S151","I","G","K","A","N","C","S",1,1,"I_G_K_A_N_C_S","correct","correct","correct","correct","correct","PASSED"
"N3D7_10kb_S152","I","G","K","A","N","C","S",1,1,"I_G_K_A_N_C_S","correct","correct","correct","correct","correct","PASSED"
"N3D7_10kc_S234","I","G","K","A","N","C","S",1,1,"I_G_K_A_N_C_S","correct","correct","correct","correct","correct","PASSED"
"N3D7_10kc_S244","I","G","K","A","N","C","S",1,1,"I_G_K_A_N_C_S","correct","correct","correct","correct","correct","PASSED"
"N3D7_10kc_S248","I","G","K","A","N","C","S",1,1,"I_G_K_A_N_C_S","correct","correct","correct","correct","correct","PASSED"
"N3D7_10kc_S248_L001","I","G","K","A","N","C","S",1,1,"I_G_K_A_N_C_S","correct","correct","correct","correct","correct","PASSED"
"N3D7_1Ka_S7","I","G","K","A","N","C","S",1,1,"I_G_K_A_N_C_S","correct","correct","correct","correct","correct","PASSED"
"N3D7_Dd2_k13_0_S162","I","G","K","A","I","R","N",1,1,"I_G_K_A_I_R_N","correct","correct","correct","correct","correct","PASSED"
"N3D7_Dd2_k13_100_S146","I","G","K","A","N","C","S",1,1,"I_G_K_A_N_C_S","correct","correct","correct","correct","correct","PASSED"
"N3D7_Dd2_k13_10_S158","I","G","K","A","I","R","N",0.917105263157895,0.917105263157895,"I_G_K_A_I_R_N","correct","correct","correct","correct","correct","PASSED"
"N3D7_Dd2_k13_10_S158","I","G","K","A","N","C","N",0.082894736842105,0.082894736842105,"I_G_K_A_N_C_N","correct","correct","correct","correct","dubious",NA
"N3D7_Dd2_k13_1_S161","I","G","K","A","I","R","N",1,1,"I_G_K_A_I_R_N","correct","correct","correct","correct","correct","PASSED"
"N3D7_Dd2_k13_25_S157","I","G","K","A","I","R","N",0.697811529696942,0.697811529696942,"I_G_K_A_I_R_N","correct","correct","correct","correct","correct","PASSED"
"N3D7_Dd2_k13_25_S157","I","G","K","A","N","C","S",0.302188470303058,0.302188470303058,"I_G_K_A_N_C_S","correct","correct","correct","correct","correct","PASSED"
"N3D7_Dd2_k13_2_S160","I","G","K","A","I","R","N",1,1,"I_G_K_A_I_R_N","correct","correct","correct","correct","correct","PASSED"
"N3D7_Dd2_k13_40_S156","I","G","K","A","I","R","N",0.56639455517469,0.56639455517469,"I_G_K_A_I_R_N","correct","correct","correct","correct","correct","PASSED"
"N3D7_Dd2_k13_40_S156","I","G","K","A","N","C","S",0.43360544482531,0.43360544482531,"I_G_K_A_N_C_S","correct","correct","correct","correct","correct","PASSED"
"N3D7_Dd2_k13_50_S155","I","G","K","A","N","C","S",0.54426920651411,0.54426920651411,"I_G_K_A_N_C_S","correct","correct","correct","correct","correct","PASSED"
"N3D7_Dd2_k13_50_S155","I","G","K","A","I","R","N",0.45573079348589,0.45573079348589,"I_G_K_A_I_R_N","correct","correct","correct","correct","correct","PASSED"
"N3D7_Dd2_k13_5_S159","I","G","K","A","I","R","N",0.952617627567925,0.952617627567926,"I_G_K_A_I_R_N","correct","correct","correct","correct","correct","PASSED"
"N3D7_Dd2_k13_5_S159","I","G","K","A","N","C","N",0.0473823724320743,0.0473823724320743,"I_G_K_A_N_C_N","correct","correct","correct","correct","dubious",NA
"N3D7_Dd2_k13_60_S154","I","G","K","A","N","C","S",0.651344416363313,0.651344416363313,"I_G_K_A_N_C_S","correct","correct","correct","correct","correct","PASSED"
"N3D7_Dd2_k13_60_S154","I","G","K","A","I","R","N",0.348655583636687,0.348655583636687,"I_G_K_A_I_R_N","correct","correct","correct","correct","correct","PASSED"
"N3D7_Dd2_k13_75_S153","I","G","K","A","N","C","S",0.737662337662338,0.737662337662338,"I_G_K_A_N_C_S","correct","correct","correct","correct","correct","PASSED"
"N3D7_Dd2_k13_75_S153","I","G","K","A","I","R","S",0.262337662337662,0.262337662337662,"I_G_K_A_I_R_S","correct","correct","correct","correct","dubious",NA
"N3D7_Dd2_k13_90_S150","I","G","K","A","N","C","S",0.937351308485329,0.937351308485329,"I_G_K_A_N_C_S","correct","correct","correct","correct","correct","PASSED"
"N3D7_Dd2_k13_90_S150","I","G","K","A","I","R","S",0.0626486915146709,0.0626486915146709,"I_G_K_A_I_R_S","correct","correct","correct","correct","dubious",NA
"N3D7_Dd2_k13_95_S149","I","G","K","A","N","C","S",0.93891797556719,0.93891797556719,"I_G_K_A_N_C_S","correct","correct","correct","correct","correct","PASSED"
"N3D7_Dd2_k13_95_S149","I","G","K","A","I","R","S",0.0610820244328098,0.0610820244328098,"I_G_K_A_I_R_S","correct","correct","correct","correct","dubious",NA
"N3D7_Dd2_k13_98_S148","I","G","K","A","N","C","S",0.962732919254658,0.962732919254658,"I_G_K_A_N_C_S","correct","correct","correct","correct","correct","PASSED"
"N3D7_Dd2_k13_98_S148","I","G","K","A","I","R","S",0.0372670807453416,0.0372670807453416,"I_G_K_A_I_R_S","correct","correct","correct","correct","dubious",NA
"N3D7_Dd2_k13_99_S147","I","G","K","A","N","C","S",1,1,"I_G_K_A_N_C_S","correct","correct","correct","correct","correct","PASSED"
"N3D7plusHB3_k13100_S181","I","G","K","A","N","C","S",1,1,"I_G_K_A_N_C_S","correct","correct","correct","correct","correct","PASSED"
"N3D7plusHB3_k13100i_S195","I","A","K","A","N","C","N",1,1,"I_A_K_A_N_C_N","correct","correct","correct","correct","correct","PASSED"
"N3D7plusHB3_k1310_90_S191","I","A","K","A","N","C","N",0.830491858149229,0.830491858149229,"I_A_K_A_N_C_N","correct","correct","correct","correct","correct","PASSED"
"N3D7plusHB3_k1310_90_S191","I","G","K","A","N","C","S",0.169508141850771,0.169508141850771,"I_G_K_A_N_C_S","correct","correct","correct","correct","dubious","PASSED"
"N3D7plusHB3_k131_99_S194","I","A","K","A","N","C","N",0.990082037467859,1,"I_A_K_A_N_C_N","correct","correct","correct","correct","correct","PASSED"
"N3D7plusHB3_k1325_75_S190","I","A","K","A","N","C","N",0.71210922452879,0.71210922452879,"I_A_K_A_N_C_N","correct","correct","correct","correct","correct","PASSED"
"N3D7plusHB3_k1325_75_S190","I","G","K","A","N","C","S",0.28789077547121,0.28789077547121,"I_G_K_A_N_C_S","correct","correct","correct","correct","dubious","PASSED"
"N3D7plusHB3_k132_98_S193","I","A","K","A","N","C","N",1,1,"I_A_K_A_N_C_N","correct","correct","correct","correct","correct","PASSED"
"N3D7plusHB3_k1340_60_S189","I","A","K","A","N","C","N",0.547334501038775,0.547334501038775,"I_A_K_A_N_C_N","correct","correct","correct","correct","correct","PASSED"
"N3D7plusHB3_k1340_60_S189","I","G","K","A","N","C","S",0.452665498961225,0.452665498961225,"I_G_K_A_N_C_S","correct","correct","correct","correct","correct","PASSED"
"N3D7plusHB3_k1350_50_S188","I","G","K","A","N","C","S",0.569808529932734,0.569808529932734,"I_G_K_A_N_C_S","correct","correct","correct","correct","correct","PASSED"
"N3D7plusHB3_k1350_50_S188","I","A","K","A","N","C","N",0.430191470067266,0.430191470067266,"I_A_K_A_N_C_N","correct","correct","correct","correct","correct","PASSED"
"N3D7plusHB3_k135_95_S192","I","A","K","A","N","C","N",1,1,"I_A_K_A_N_C_N","correct","correct","correct","correct","correct","PASSED"
"N3D7plusHB3_k1375_25_S186","I","G","K","A","N","C","S",0.798199519977327,0.798199519977327,"I_G_K_A_N_C_S","correct","correct","correct","correct","correct","PASSED"
"N3D7plusHB3_k1375_25_S186","I","A","K","A","N","C","N",0.201800480022673,0.201800480022673,"I_A_K_A_N_C_N","correct","correct","correct","correct","dubious","PASSED"
"N3D7plusHB3_k1390_10_S185","I","G","K","A","N","C","S",0.93038961038961,0.93038961038961,"I_G_K_A_N_C_S","correct","correct","correct","correct","correct","PASSED"
"N3D7plusHB3_k1390_10_S185","I","A","K","A","N","C","S",0.0696103896103896,0.0696103896103896,"I_A_K_A_N_C_S","correct","correct","correct","correct","dubious","PASSED"
"N3D7plusHB3_k1395_5_S184","I","G","K","A","N","C","S",1,1,"I_G_K_A_N_C_S","correct","correct","correct","correct","correct","PASSED"
"N3D7plusHB3_k1399_1_S182","I","G","K","A","N","C","S",1,1,"I_G_K_A_N_C_S","correct","correct","correct","correct","correct","PASSED"
"N3DplusHB3_k1360_40_S187","I","G","K","A","N","C","S",0.668947827769036,0.668947827769036,"I_G_K_A_N_C_S","correct","correct","correct","correct","correct","PASSED"
"N3DplusHB3_k1360_40_S187","I","A","K","A","N","C","N",0.331052172230964,0.331052172230964,"I_A_K_A_N_C_N","correct","correct","correct","correct","correct","PASSED"
"NDD2_D3_S201","I","G","K","A","I","R","N",0.631517917655032,0.631517917655032,"I_G_K_A_I_R_N","correct","correct","correct","correct","correct","PASSED"
"NDD2_D3_S201","I","A","K","A","N","C","N",0.368482082344968,0.368482082344968,"I_A_K_A_N_C_N","correct","correct","correct","correct","correct","PASSED"
"NDD2_D4_S202","I","A","K","A","N","C","N",1,1,"I_A_K_A_N_C_N","correct","correct","correct","correct","correct","PASSED"
"NDd2-100k_S95_L001","I","G","K","A","I","R","N",1,1,"I_G_K_A_I_R_N","correct","correct","correct","correct","correct","PASSED"
"NDd2-10k_S96_L001","I","G","K","A","I","R","N",0.942075475727842,0.942075475727842,"I_G_K_A_I_R_N","correct","correct","correct","correct","correct","PASSED"
"NDd2-10k_S96_L001","I","G","K","A","N","C","S",0.057924524272158,0.057924524272158,"I_G_K_A_N_C_S","correct","correct","correct","correct","dubious","PASSED"
"NDd2100KB_S96","I","G","K","A","I","R","N",1,1,"I_G_K_A_I_R_N","correct","correct","correct","correct","correct","PASSED"
"NDd2100Ka_S7","I","G","K","A","I","R","N",1,1,"I_G_K_A_I_R_N","correct","correct","correct","correct","correct","PASSED"
"NDd2100Kb_S103","I","G","K","A","I","R","N",1,1,"I_G_K_A_I_R_N","correct","correct","correct","correct","correct","PASSED"
"NDd2100Kc_S199","I","G","K","A","N","C","S",1,1,"I_G_K_A_N_C_S","correct","correct","correct","correct","correct","PASSED"
"NDd210kB_S145","I","G","K","A","I","R","N",1,1,"I_G_K_A_I_R_N","correct","correct","correct","correct","correct","PASSED"
"NDd210kD_S255","I","G","K","A","I","R","N",1,1,"I_G_K_A_I_R_N","correct","correct","correct","correct","correct","PASSED"
"NDd210ka_S56","I","G","K","A","I","R","N",1,1,"I_G_K_A_I_R_N","correct","correct","correct","correct","correct","PASSED"
"NDd210kb_S152","I","G","K","A","I","R","N",1,1,"I_G_K_A_I_R_N","correct","correct","correct","correct","correct","PASSED"
"NDd21Kc_S199","I","G","K","A","I","R","N",1,1,"I_G_K_A_I_R_N","correct","correct","correct","correct","correct","PASSED"
"NDd21Kd_S295","I","G","K","A","I","R","N",1,1,"I_G_K_A_I_R_N","correct","correct","correct","correct","correct","PASSED"
"NDd21Kd_S322","I","G","K","A","I","R","N",1,1,"I_G_K_A_I_R_N","correct","correct","correct","correct","correct","PASSED"
"NDd2_100Kb_S103_L001","I","G","K","A","I","R","N",1,1,"I_G_K_A_I_R_N","correct","correct","correct","correct","correct","PASSED"
"NDd2_100Kc_S199_L001","I","G","K","A","I","R","N",1,1,"I_G_K_A_I_R_N","correct","correct","correct","correct","correct","PASSED"
"NDd2_10kb_S152_L001","I","G","K","A","I","R","N",1,1,"I_G_K_A_I_R_N","correct","correct","correct","correct","correct","PASSED"
"NFIND_1_S277","I","G","K","A","I","R","N",0.612507472580808,0.612507472580808,"I_G_K_A_I_R_N","correct","correct","correct","correct","correct","PASSED"
"NFIND_1_S277","V","G","K","G","I","R","N",0.387492527419192,0.387492527419192,"V_G_K_G_I_R_N","correct","correct","correct","correct","correct",NA
"NFIND_2_S278","I","G","K","A","I","R","N",1,1,"I_G_K_A_I_R_N","correct","correct","correct","correct","correct","PASSED"
"NFIND_3_S279","I","G","E","G","I","C","N",1,1,"I_G_E_G_I_C_N","correct","correct","correct","correct","correct",NA
"NFIND_4_S280","I","G","E","G","I","C","N",1,1,"I_G_E_G_I_C_N","correct","correct","correct","correct","correct",NA
"NFIND_6_S123","V","G","K","G","I","R","N",1,1,"V_G_K_G_I_R_N","correct","correct","correct","correct","correct",NA
"QS1-QC4-10","I","G","E","A","I","R","N",1,1,"I_G_E_A_I_R_N","correct","correct","correct","correct","correct",NA
"QS1-QC4-100","I","G","K","A","I","R","N",0.743578090704528,0.743578090704528,"I_G_K_A_I_R_N","correct","correct","correct","correct","correct","PASSED"
"QS1-QC4-100","I","A","K","A","N","C","N",0.203475709466266,0.203475709466266,"I_A_K_A_N_C_N","correct","correct","correct","correct","dubious","PASSED"
"QS1-QC4-100","I","A","K","A","N","C","S",0.0328778821520068,0.0328778821520068,"I_A_K_A_N_C_S","correct","correct","dubious","dubious","dubious","PASSED"
"QS1-QC4-100","I","A","K","A","N","C","T",0.020068317677199,0.020068317677199,"I_A_K_A_N_C_T","correct","correct","dubious","dubious","dubious",NA
"QS1-QC4-10K","I","G","K","A","I","R","N",0.78680758299921,0.787299717790361,"I_G_K_A_I_R_N","correct","correct","correct","correct","correct","PASSED"
"QS1-QC4-10K","I","A","E","A","N","C","T",0.168761220825853,0.168866778105625,"I_A_E_A_N_C_T","correct","correct","correct","correct","dubious",NA
"QS1-QC4-10K","I","A","E","A","N","C","S",0.0438061041292639,0.0438335041040133,"I_A_E_A_N_C_S","correct","correct","correct","correct","dubious",NA
"QS1-QC4-1K","I","G","K","A","I","R","N",0.705426356589147,0.705426356589147,"I_G_K_A_I_R_N","correct","correct","correct","correct","correct","PASSED"
"QS1-QC4-1K","I","A","E","A","N","C","S",0.148578811369509,0.148578811369509,"I_A_E_A_N_C_S","correct","correct","correct","correct","dubious",NA
"QS1-QC4-1K","I","A","E","A","N","C","T",0.131929703896117,0.131929703896117,"I_A_E_A_N_C_T","correct","correct","correct","correct","dubious",NA
"QS1-QC4-1K","I","G","K","A","I","R","T",0.0140651281452273,0.0140651281452273,"I_G_K_A_I_R_T","correct","correct","dubious","dubious","dubious",NA
"TS2-TC1-10","I","A","K","A","N","C","N",0.691635659925119,0.691635659925119,"I_A_K_A_N_C_N","correct","correct","correct","correct","correct","PASSED"
"TS2-TC1-10","I","G","K","A","I","R","S",0.308364340074881,0.308364340074881,"I_G_K_A_I_R_S","correct","correct","correct","correct","correct",NA
"TS2-TC1-100","I","A","K","A","N","C","S",0.853069591215989,0.853069591215989,"I_A_K_A_N_C_S","correct","correct","correct","correct","correct","PASSED"
"TS2-TC1-100","I","G","K","A","I","R","T",0.146930408784011,0.146930408784011,"I_G_K_A_I_R_T","correct","correct","correct","correct","dubious",NA
"TS2-TC1-10K","I","A","K","A","N","C","S",0.596423017107309,0.59642301710731,"I_A_K_A_N_C_S","correct","correct","correct","correct","correct","PASSED"
"TS2-TC1-10K","I","A","K","A","N","C","T",0.263608087091757,0.263608087091757,"I_A_K_A_N_C_T","correct","correct","correct","correct","dubious",NA
"TS2-TC1-10K","I","G","K","A","I","R","N",0.113881675818759,0.113881675818759,"I_G_K_A_I_R_N","correct","correct","correct","correct","dubious","PASSED"
"TS2-TC1-10K","I","A","K","A","N","C","N",0.026087219982174,0.026087219982174,"I_A_K_A_N_C_N","correct","correct","dubious","dubious","dubious","PASSED"
"TS2-TC1-1K","I","A","K","A","N","C","S",0.633165829145729,0.633165829145729,"I_A_K_A_N_C_S","correct","correct","correct","correct","correct","PASSED"
"TS2-TC1-1K","I","A","K","A","N","C","T",0.214070351758794,0.214070351758794,"I_A_K_A_N_C_T","correct","correct","correct","correct","dubious",NA
"TS2-TC1-1K","I","G","K","A","I","R","N",0.137890891952398,0.137890891952398,"I_G_K_A_I_R_N","correct","correct","correct","correct","dubious","PASSED"
"TS2-TC1-1K","I","A","K","A","N","C","N",0.0148729271430793,0.0148729271430793,"I_A_K_A_N_C_N","correct","correct","dubious","dubious","dubious","PASSED"
