SampleID,dhps_431,dhps_437,dhps_540,dhps_581,dhfr_51,dhfr_59,dhfr_108,HAPLO_FREQ,HAPLO_FREQ_RECALC,haplotype,flag_dhps_431,flag_dhps_437,flag_dhfr_51,flag_dhfr_59,flag_dhfr_108,flag_pop_freq
D10-Density-10,I,A,E,A,N,C,S,0.743813682678311,0.743813682678311,I_A_E_A_N_C_S,correct,correct,correct,correct,correct,PASSED
D10-Density-10,I,A,E,A,N,C,N,0.197624719696537,0.197624719696537,I_A_E_A_N_C_N,correct,correct,correct,correct,dubious,PASSED
D10-Density-10,I,A,K,A,N,C,N,0.0585615976251518,0.0585615976251518,I_A_K_A_N_C_N,correct,correct,correct,correct,dubious,PASSED
D10-Density-100,I,A,E,A,N,C,S,0.761254612546125,0.761254612546125,I_A_E_A_N_C_S,correct,correct,correct,correct,correct,PASSED
D10-Density-100,I,A,K,A,N,C,S,0.238745387453875,0.238745387453875,I_A_K_A_N_C_S,correct,correct,correct,correct,dubious,PASSED
D10-Density-10K,I,A,K,A,N,C,S,1,1,I_A_K_A_N_C_S,correct,correct,correct,correct,correct,PASSED
D10-Density-1K,I,A,K,A,N,C,S,0.710185185185185,0.710185185185185,I_A_K_A_N_C_S,correct,correct,correct,correct,correct,PASSED
D10-Density-1K,I,A,E,A,N,C,S,0.196313488554868,0.196313488554868,I_A_E_A_N_C_S,correct,correct,correct,correct,dubious,PASSED
D10-Density-1K,I,A,E,A,N,C,N,0.0935013262599469,0.0935013262599469,I_A_E_A_N_C_N,correct,correct,correct,correct,dubious,PASSED
DS2-DC1-10,I,G,E,A,I,R,N,1,1,I_G_E_A_I_R_N,correct,correct,correct,correct,correct,PASSED
DS2-DC1-100,I,G,E,A,I,R,N,1,1,I_G_E_A_I_R_N,correct,correct,correct,correct,correct,PASSED
DS2-DC1-10K,I,G,E,A,I,R,N,1,1,I_G_E_A_I_R_N,correct,correct,correct,correct,correct,PASSED
DS2-DC1-1K,I,G,E,A,I,R,N,1,1,I_G_E_A_I_R_N,correct,correct,correct,correct,correct,PASSED
DS2-DC2-10,I,G,E,A,I,R,S,0.666666666666667,0.666666666666667,I_G_E_A_I_R_S,correct,correct,correct,correct,correct,NA
DS2-DC2-10,I,G,E,A,I,R,N,0.333333333333333,0.333333333333333,I_G_E_A_I_R_N,correct,correct,correct,correct,correct,PASSED
DS2-DC2-100,I,G,E,A,I,R,N,1,1,I_G_E_A_I_R_N,correct,correct,correct,correct,correct,PASSED
DS2-DC2-10K,I,G,E,A,I,R,N,1,1,I_G_E_A_I_R_N,correct,correct,correct,correct,correct,PASSED
DS2-DC2-1K,I,G,E,A,I,R,N,1,1,I_G_E_A_I_R_N,correct,correct,correct,correct,correct,PASSED
DS2-DC3-10,I,G,E,A,I,R,N,1,1,I_G_E_A_I_R_N,correct,correct,correct,correct,correct,PASSED
DS2-DC3-100,I,G,E,A,I,R,N,1,1,I_G_E_A_I_R_N,correct,correct,correct,correct,correct,PASSED
DS2-DC3-10K,I,G,E,A,I,R,N,1,1,I_G_E_A_I_R_N,correct,correct,correct,correct,correct,PASSED
DS2-DC3-1K,I,G,E,A,I,R,N,1,1,I_G_E_A_I_R_N,correct,correct,correct,correct,correct,PASSED
DS2-DC4-10,I,G,E,A,I,R,N,1,1,I_G_E_A_I_R_N,correct,correct,correct,correct,correct,PASSED
DS2-DC4-100,I,G,E,A,I,R,N,1,1,I_G_E_A_I_R_N,correct,correct,correct,correct,correct,PASSED
DS2-DC4-10K,I,G,E,A,I,R,N,1,1,I_G_E_A_I_R_N,correct,correct,correct,correct,correct,PASSED
DS2-DC4-1K,I,G,E,A,I,R,N,1,1,I_G_E_A_I_R_N,correct,correct,correct,correct,correct,PASSED
DS2-DC5-10,I,G,E,A,I,R,N,1,1,I_G_E_A_I_R_N,correct,correct,correct,correct,correct,PASSED
DS2-DC5-100,I,G,E,A,I,R,N,0.8,0.8,I_G_E_A_I_R_N,correct,correct,correct,correct,correct,PASSED
DS2-DC5-100,I,G,K,A,I,R,N,0.2,0.2,I_G_K_A_I_R_N,correct,correct,correct,correct,dubious,PASSED
DS2-DC5-10K,I,G,E,A,I,R,N,0.804469273743017,0.804469273743017,I_G_E_A_I_R_N,correct,correct,correct,correct,correct,PASSED
DS2-DC5-10K,I,G,K,A,I,R,N,0.195530726256983,0.195530726256983,I_G_K_A_I_R_N,correct,correct,correct,correct,dubious,PASSED
DS2-DC5-1K,I,G,E,A,I,R,N,0.808471454880295,0.808471454880295,I_G_E_A_I_R_N,correct,correct,correct,correct,correct,PASSED
DS2-DC5-1K,I,G,K,A,I,R,N,0.191528545119705,0.191528545119705,I_G_K_A_I_R_N,correct,correct,correct,correct,dubious,PASSED
Dd2-10,I,G,K,A,I,R,N,1,1,I_G_K_A_I_R_N,correct,correct,correct,correct,correct,PASSED
Dd2-10-1,I,G,K,A,I,R,N,1,1,I_G_K_A_I_R_N,correct,correct,correct,correct,correct,PASSED
Dd2-10-2,I,G,K,A,I,R,N,1,1,I_G_K_A_I_R_N,correct,correct,correct,correct,correct,PASSED
Dd2-100,I,G,K,A,I,R,N,1,1,I_G_K_A_I_R_N,correct,correct,correct,correct,correct,PASSED
Dd2-100-1,I,G,K,A,I,R,N,1,1,I_G_K_A_I_R_N,correct,correct,correct,correct,correct,PASSED
Dd2-100-2,I,G,K,A,I,R,N,1,1,I_G_K_A_I_R_N,correct,correct,correct,correct,correct,PASSED
Dd2-10K,I,G,K,A,I,R,N,1,1,I_G_K_A_I_R_N,correct,correct,correct,correct,correct,PASSED
Dd2-10K-1,I,G,K,A,I,R,N,1,1,I_G_K_A_I_R_N,correct,correct,correct,correct,correct,PASSED
Dd2-10K-2,I,G,K,A,I,R,N,1,1,I_G_K_A_I_R_N,correct,correct,correct,correct,correct,PASSED
Dd2-1K-1,I,G,K,A,I,R,N,1,1,I_G_K_A_I_R_N,correct,correct,correct,correct,correct,PASSED
Dd2-1K-2,I,G,K,A,I,R,N,1,1,I_G_K_A_I_R_N,correct,correct,correct,correct,correct,PASSED
HB3-Density-10,I,A,E,A,N,C,N,0.801817675971436,0.801817675971437,I_A_E_A_N_C_N,correct,correct,correct,correct,correct,PASSED
HB3-Density-10,I,A,K,A,N,C,N,0.188166558471669,0.188166558471669,I_A_K_A_N_C_N,correct,correct,correct,correct,dubious,PASSED
HB3-Density-10,I,A,K,G,N,C,N,0.010015765556894,0.010015765556894,I_A_K_G_N_C_N,correct,correct,dubious,dubious,dubious,NA
HB3-Density-100,I,A,E,A,N,C,N,0.802692307692308,0.802692307692308,I_A_E_A_N_C_N,correct,correct,correct,correct,correct,PASSED
HB3-Density-100,I,A,K,A,N,C,N,0.197307692307692,0.197307692307692,I_A_K_A_N_C_N,correct,correct,correct,correct,dubious,PASSED
HB3-Density-10K,I,A,K,A,N,C,N,1,1,I_A_K_A_N_C_N,correct,correct,correct,correct,correct,PASSED
HB3-Density-1K,I,A,E,A,N,C,N,0.778221778221778,0.778221778221778,I_A_E_A_N_C_N,correct,correct,correct,correct,correct,PASSED
HB3-Density-1K,I,A,K,A,N,C,N,0.221778221778222,0.221778221778222,I_A_K_A_N_C_N,correct,correct,correct,correct,dubious,PASSED
QS1-QC4-10,I,G,E,A,I,R,N,1,1,I_G_E_A_I_R_N,correct,correct,correct,correct,correct,PASSED
QS1-QC4-100,I,G,K,A,I,R,N,0.641123882503193,0.641123882503193,I_G_K_A_I_R_N,correct,correct,correct,correct,correct,PASSED
QS1-QC4-100,I,A,K,A,N,C,N,0.205194805194805,0.205194805194805,I_A_K_A_N_C_N,correct,correct,correct,correct,dubious,PASSED
QS1-QC4-100,I,A,K,A,I,R,N,0.100735112472796,0.100735112472796,I_A_K_A_I_R_N,correct,correct,correct,correct,dubious,NA
QS1-QC4-100,I,A,K,A,I,R,S,0.0328778821520068,0.0328778821520068,I_A_K_A_I_R_S,correct,correct,dubious,dubious,dubious,NA
QS1-QC4-100,I,A,K,A,I,R,T,0.020068317677199,0.020068317677199,I_A_K_A_I_R_T,correct,correct,dubious,dubious,dubious,NA
QS1-QC4-10K,I,G,K,A,I,R,N,0.769516728624535,0.774133312400427,I_G_K_A_I_R_N,correct,correct,correct,correct,correct,PASSED
QS1-QC4-10K,I,A,E,A,N,C,T,0.168761220825853,0.169773674857173,I_A_E_A_N_C_T,correct,correct,correct,correct,dubious,NA
QS1-QC4-10K,I,A,E,A,N,C,S,0.037842552759053,0.0380695826709537,I_A_E_A_N_C_S,correct,correct,correct,correct,dubious,PASSED
QS1-QC4-10K,I,G,E,A,I,R,N,0.017915946420348,0.0180234300714465,I_G_E_A_I_R_N,correct,correct,dubious,dubious,dubious,PASSED
QS1-QC4-1K,I,G,K,A,I,R,N,0.69299674267101,0.69543340247715,I_G_K_A_I_R_N,correct,correct,correct,correct,correct,PASSED
QS1-QC4-1K,I,A,E,A,N,C,S,0.148578811369509,0.149101232321032,I_A_E_A_N_C_S,correct,correct,correct,correct,dubious,PASSED
QS1-QC4-1K,I,A,E,A,N,C,T,0.104090227776398,0.104456221523002,I_A_E_A_N_C_T,correct,correct,correct,correct,dubious,NA
QS1-QC4-1K,I,G,K,A,N,C,T,0.041904604264946,0.0420519458880986,I_G_K_A_N_C_T,correct,correct,correct,correct,dubious,NA
TS2-TC1-10,I,A,K,A,N,C,N,0.524886877828054,0.529791963725891,I_A_K_A_N_C_N,correct,correct,correct,correct,correct,PASSED
TS2-TC1-10,I,A,K,A,I,R,S,0.26471408952382,0.267187851780661,I_A_K_A_I_R_S,correct,correct,correct,correct,dubious,NA
TS2-TC1-10,I,G,K,A,N,C,S,0.20114051943222,0.203020184493448,I_G_K_A_N_C_S,correct,correct,correct,correct,dubious,NA
TS2-TC1-100,I,A,K,A,N,C,S,0.772532188841202,0.772532188841202,I_A_K_A_N_C_S,correct,correct,correct,correct,correct,PASSED
TS2-TC1-100,I,G,K,A,N,C,T,0.115256590036686,0.115256590036686,I_G_K_A_N_C_T,correct,correct,correct,correct,dubious,NA
TS2-TC1-100,I,G,K,A,I,R,S,0.091636429425777,0.091636429425777,I_G_K_A_I_R_S,correct,correct,correct,correct,dubious,NA
TS2-TC1-100,I,G,K,A,I,R,T,0.020574791696335,0.020574791696335,I_G_K_A_I_R_T,correct,correct,dubious,dubious,dubious,NA
TS2-TC1-10K,I,A,K,A,N,C,S,0.596423017107309,0.598246639052153,I_A_K_A_N_C_S,correct,correct,correct,correct,correct,PASSED
TS2-TC1-10K,I,A,K,A,N,C,T,0.263608087091757,0.264414094704928,I_A_K_A_N_C_T,correct,correct,correct,correct,dubious,NA
TS2-TC1-10K,I,G,K,A,I,R,N,0.102362204724409,0.102675187217545,I_G_K_A_I_R_N,correct,correct,correct,correct,dubious,PASSED
TS2-TC1-10K,I,G,K,A,N,C,N,0.03455841328305,0.0346640790253743,I_G_K_A_N_C_N,correct,correct,dubious,dubious,dubious,NA
TS2-TC1-1K,I,A,K,A,N,C,S,0.633165829145729,0.633869381587646,I_A_K_A_N_C_S,correct,correct,correct,correct,correct,PASSED
TS2-TC1-1K,I,A,K,A,N,C,T,0.214070351758794,0.214308219489156,I_A_K_A_N_C_T,correct,correct,correct,correct,dubious,NA
TS2-TC1-1K,I,G,K,A,I,R,N,0.137150936726759,0.137303334206224,I_G_K_A_I_R_N,correct,correct,correct,correct,dubious,PASSED
TS2-TC1-1K,I,A,K,A,N,C,N,0.01450294953026,0.014519064716973,I_A_K_A_N_C_N,correct,correct,dubious,dubious,dubious,PASSED
