"SampleID","dhps_431","dhps_437","dhps_540","dhps_581","dhfr_51","dhfr_59","dhfr_108","HAPLO_FREQ","HAPLO_FREQ_RECALC","haplotype","flag_dhps_431","flag_dhps_437","flag_dhfr_51","flag_dhfr_59","flag_dhfr_108","flag_pop_freq"
"3D7-100K_S7_L001","I","G","K","A","N","C","S",1,1,"I_G_K_A_N_C_S","correct","correct","correct","correct","correct","PASSED"
"3D7-100K_S8_L001","I","G","K","A","N","C","S",1,1,"I_G_K_A_N_C_S","correct","correct","correct","correct","correct","PASSED"
"3D7-100Ka_S7_L001","I","G","K","A","N","C","S",1,1,"I_G_K_A_N_C_S","correct","correct","correct","correct","correct","PASSED"
"3D7-100kf_S79_L001","I","G","K","A","N","C","S",1,1,"I_G_K_A_N_C_S","correct","correct","correct","correct","correct","PASSED"
"3D7-10k_S56_L001","I","G","K","A","N","C","S",1,1,"I_G_K_A_N_C_S","correct","correct","correct","correct","correct","PASSED"
"3D7-10kf_S72_L001","I","G","K","A","N","C","S",1,1,"I_G_K_A_N_C_S","correct","correct","correct","correct","correct","PASSED"
"3D7-Dd2-k13-60-40-100K_S68_L001","I","G","K","A","N","C","S",0.636636636636637,0.637665128779831,"I_G_K_A_N_C_S","correct","correct","correct","correct","correct","PASSED"
"3D7-Dd2-k13-60-40-100K_S68_L001","I","G","K","A","I","R","N",0.301612903225806,0.302100161550888,"I_G_K_A_I_R_N","correct","correct","correct","correct","correct","PASSED"
"3D7-Dd2-k13-60-40-100K_S68_L001","I","G","K","A","N","C","N",0.0601375569117499,0.0602347096692811,"I_G_K_A_N_C_N","correct","correct","correct","correct","dubious","PASSED"
"3D7-Dd2-k13-60-40-100K_S88_L001","I","G","E","A","I","R","N",0.982517482517482,0.988776537993643,"I_G_E_A_I_R_N","correct","correct","correct","correct","correct","PASSED"
"3D7-Dd2-k13-60-40-100K_S88_L001","I","G","K","A","N","C","S",0.0111524163568773,0.0112234620063573,"I_G_K_A_N_C_S","correct","correct","dubious","dubious","dubious","PASSED"
"3D7-Dd2-k13-60-40-100Ka_S52_L001","I","G","K","A","N","C","S",0.618461538461539,0.618461538461539,"I_G_K_A_N_C_S","correct","correct","correct","correct","correct","PASSED"
"3D7-Dd2-k13-60-40-100Ka_S52_L001","I","G","K","A","I","R","N",0.345161290322581,0.345161290322581,"I_G_K_A_I_R_N","correct","correct","correct","correct","correct","PASSED"
"3D7-Dd2-k13-60-40-100Ka_S52_L001","I","G","K","A","N","C","N",0.03637717121588,0.03637717121588,"I_G_K_A_N_C_N","correct","correct","dubious","dubious","dubious","PASSED"
"3D7-Dd2-k13-75-25-100K_S67_L001","I","G","K","A","N","C","S",0.798882681564246,0.80349243432082,"I_G_K_A_N_C_S","correct","correct","correct","correct","correct","PASSED"
"3D7-Dd2-k13-75-25-100K_S67_L001","I","G","K","A","I","R","N",0.195380173243503,0.19650756567918,"I_G_K_A_I_R_N","correct","correct","correct","correct","dubious","PASSED"
"3D7-Dd2-k13-75-25-100K_S87_L001","I","G","E","A","I","R","S",0.519674355495251,0.519674355495251,"I_G_E_A_I_R_S","correct","correct","correct","correct","correct",NA
"3D7-Dd2-k13-75-25-100K_S87_L001","I","G","K","A","N","C","N",0.292452830188679,0.292452830188679,"I_G_K_A_N_C_N","correct","correct","correct","correct","dubious","PASSED"
"3D7-Dd2-k13-75-25-100K_S87_L001","I","G","E","A","I","R","N",0.1315907710174,0.1315907710174,"I_G_E_A_I_R_N","correct","correct","correct","correct","dubious","PASSED"
"3D7-Dd2-k13-75-25-100K_S87_L001","I","G","K","A","I","R","N",0.05628204329867,0.05628204329867,"I_G_K_A_I_R_N","correct","correct","correct","correct","dubious","PASSED"
"3D7-Dd2-k13-75-25-100Ka_S51_L001","I","G","K","A","N","C","S",0.765799256505576,0.765799256505576,"I_G_K_A_N_C_S","correct","correct","correct","correct","correct","PASSED"
"3D7-Dd2-k13-75-25-100Ka_S51_L001","I","G","K","A","I","R","N",0.211356466876972,0.211356466876972,"I_G_K_A_I_R_N","correct","correct","correct","correct","dubious","PASSED"
"3D7-Dd2-k13-75-25-100Ka_S51_L001","I","G","K","A","N","C","N",0.022844276617452,0.022844276617452,"I_G_K_A_N_C_N","correct","correct","dubious","dubious","dubious","PASSED"
"3D7-Dd2-k13-90-10-100K_S66_L001","I","G","K","A","N","C","S",0.90625,0.909189189189189,"I_G_K_A_N_C_S","correct","correct","correct","correct","correct","PASSED"
"3D7-Dd2-k13-90-10-100K_S66_L001","I","G","K","A","I","R","N",0.0905172413793103,0.0908108108108108,"I_G_K_A_I_R_N","correct","correct","correct","correct","dubious","PASSED"
"3D7-Dd2-k13-90-10-100K_S86_L001","I","G","K","A","N","C","S",0.768854064642507,0.772864096491792,"I_G_K_A_N_C_S","correct","correct","correct","correct","correct","PASSED"
"3D7-Dd2-k13-90-10-100K_S86_L001","I","G","E","A","I","R","N",0.1625,0.163347534279229,"I_G_E_A_I_R_N","correct","correct","correct","correct","dubious","PASSED"
"3D7-Dd2-k13-90-10-100K_S86_L001","I","G","K","A","I","R","S",0.0188207605323179,0.0189189220074705,"I_G_K_A_I_R_S","correct","correct","dubious","dubious","dubious","PASSED"
"3D7-Dd2-k13-90-10-100Ka_S50_L001","I","G","K","A","N","C","S",0.90612569610183,0.911911159494167,"I_G_K_A_N_C_S","correct","correct","correct","correct","correct","PASSED"
"3D7-Dd2-k13-90-10-100Ka_S50_L001","I","G","K","A","I","R","N",0.0875299760191846,0.0880888405058333,"I_G_K_A_I_R_N","correct","correct","correct","correct","dubious","PASSED"
"3D7-Dd2-k13-95-5-100K_S65_L001","I","G","K","A","N","C","S",1,1,"I_G_K_A_N_C_S","correct","correct","correct","correct","correct","PASSED"
"3D7-Dd2-k13-95-5-100K_S85_L001","I","G","K","A","N","C","S",0.632008154943935,0.632008154943935,"I_G_K_A_N_C_S","correct","correct","correct","correct","correct","PASSED"
"3D7-Dd2-k13-95-5-100K_S85_L001","I","G","K","A","I","R","N",0.337423312883436,0.337423312883436,"I_G_K_A_I_R_N","correct","correct","correct","correct","correct","PASSED"
"3D7-Dd2-k13-95-5-100K_S85_L001","I","G","K","A","I","R","S",0.0305685321726289,0.0305685321726289,"I_G_K_A_I_R_S","correct","correct","dubious","dubious","dubious","PASSED"
"3D7-Dd2-k13-95-5-100Ka_S49_L001","I","G","K","A","N","C","S",1,1,"I_G_K_A_N_C_S","correct","correct","correct","correct","correct","PASSED"
"3D7-Dd2-k13-98-2-100K_S48_L001","I","G","K","A","N","C","S",1,1,"I_G_K_A_N_C_S","correct","correct","correct","correct","correct","PASSED"
"3D7-Dd2-k13-98-2-100K_S84_L001","I","G","K","A","N","C","S",0.69704641350211,0.69704641350211,"I_G_K_A_N_C_S","correct","correct","correct","correct","correct","PASSED"
"3D7-HB3-10-90-10K_S76_L001","I","G","K","A","I","R","N",0.511278195488722,0.511278195488722,"I_G_K_A_I_R_N","correct","correct","correct","correct","correct","PASSED"
"3D7-HB3-10-90-10K_S76_L001","I","G","K","A","N","C","N",0.488721804511278,0.488721804511278,"I_G_K_A_N_C_N","correct","correct","correct","correct","correct","PASSED"
"3D7-HB3-10-90-10K_S94_L001","I","G","E","A","I","R","N",1,1,"I_G_E_A_I_R_N","correct","correct","correct","correct","correct","PASSED"
"3D7-HB3-10-90-10Ka_S60_L001","I","G","E","A","N","C","N",1,1,"I_G_E_A_N_C_N","correct","correct","correct","correct","correct",NA
"3D7-HB3-2-98-10K_S78_L001","I","G","K","A","I","R","N",1,1,"I_G_K_A_I_R_N","correct","correct","correct","correct","correct","PASSED"
"3D7-HB3-2-98-10K_S96_L001","I","G","E","A","I","R","N",1,1,"I_G_E_A_I_R_N","correct","correct","correct","correct","correct","PASSED"
"3D7-HB3-2-98-10Ka_S62_L001","I","G","E","A","I","R","N",1,1,"I_G_E_A_I_R_N","correct","correct","correct","correct","correct","PASSED"
"3D7-HB3-25-75-10K_S75_L001","I","G","E","A","I","C","N",1,1,"I_G_E_A_I_C_N","correct","correct","correct","correct","correct",NA
"3D7-HB3-25-75-10K_S93_L001","I","G","E","A","I","R","N",1,1,"I_G_E_A_I_R_N","correct","correct","correct","correct","correct","PASSED"
"3D7-HB3-25-75-10Ka_S59_L001","I","G","K","A","I","R","N",1,1,"I_G_K_A_I_R_N","correct","correct","correct","correct","correct","PASSED"
"3D7-HB3-5-95-10K_S77_L001","I","G","K","A","N","C","N",0.615384615384615,0.615384615384615,"I_G_K_A_N_C_N","correct","correct","correct","correct","correct","PASSED"
"3D7-HB3-5-95-10K_S77_L001","I","G","K","A","I","R","N",0.384615384615385,0.384615384615385,"I_G_K_A_I_R_N","correct","correct","correct","correct","correct","PASSED"
"3D7-HB3-5-95-10K_S95_L001","I","G","E","A","I","R","N",1,1,"I_G_E_A_I_R_N","correct","correct","correct","correct","correct","PASSED"
"3D7-HB3-5-95-10Ka_S61_L001","I","G","K","A","I","R","N",0.826086956521739,0.826086956521739,"I_G_K_A_I_R_N","correct","correct","correct","correct","correct","PASSED"
"3D7-HB3-50-50-10K_S74_L001","I","G","K","A","N","C","S",0.597145993413831,0.597145993413831,"I_G_K_A_N_C_S","correct","correct","correct","correct","correct","PASSED"
"3D7-HB3-50-50-10K_S74_L001","I","A","K","A","N","C","N",0.287219101123595,0.287219101123595,"I_A_K_A_N_C_N","correct","correct","correct","correct","dubious","PASSED"
"3D7-HB3-50-50-10K_S74_L001","I","G","K","A","N","C","N",0.115634905462574,0.115634905462574,"I_G_K_A_N_C_N","correct","correct","correct","correct","dubious","PASSED"
"3D7-HB3-50-50-10K_S92_L001","I","G","E","A","I","R","N",1,1,"I_G_E_A_I_R_N","correct","correct","correct","correct","correct","PASSED"
"3D7-HB3-50-50-10Ka_S58_L001","I","G","K","A","N","C","S",0.611694152923538,0.611694152923538,"I_G_K_A_N_C_S","correct","correct","correct","correct","correct","PASSED"
"3D7-HB3-50-50-10Ka_S58_L001","I","A","K","A","N","C","N",0.294064748201439,0.294064748201439,"I_A_K_A_N_C_N","correct","correct","correct","correct","dubious","PASSED"
"3D7-HB3-50-50-10Ka_S58_L001","I","G","K","A","N","C","N",0.094241098875023,0.094241098875023,"I_G_K_A_N_C_N","correct","correct","correct","correct","dubious","PASSED"
"3D7-HB3-75-25-10K_S73_L001","I","G","K","A","N","C","S",0.753926701570681,0.753926701570681,"I_G_K_A_N_C_S","correct","correct","correct","correct","correct","PASSED"
"3D7-HB3-75-25-10K_S73_L001","I","A","K","A","N","C","N",0.190250507786053,0.190250507786053,"I_A_K_A_N_C_N","correct","correct","correct","correct","dubious","PASSED"
"3D7-HB3-75-25-10K_S73_L001","I","G","K","A","N","C","N",0.041310005570702,0.041310005570702,"I_G_K_A_N_C_N","correct","correct","correct","correct","dubious","PASSED"
"3D7-HB3-75-25-10K_S91_L001","I","G","E","A","I","R","N",0.991416309012876,1,"I_G_E_A_I_R_N","correct","correct","correct","correct","correct","PASSED"
"3D7-HB3-75-25-10Ka_S57_L001","I","G","K","A","N","C","S",0.768646408839779,0.768646408839779,"I_G_K_A_N_C_S","correct","correct","correct","correct","correct","PASSED"
"3D7-HB3-75-25-10Ka_S57_L001","I","A","K","A","N","C","N",0.210413311862587,0.210413311862587,"I_A_K_A_N_C_N","correct","correct","correct","correct","dubious","PASSED"
"3D7-HB3-75-25-10Ka_S57_L001","I","G","K","A","N","C","N",0.020940279297634,0.020940279297634,"I_G_K_A_N_C_N","correct","correct","dubious","dubious","dubious","PASSED"
"3D7-HB3-90-10-10K_S70_L001","I","G","K","A","N","C","S",0.871880199667221,0.871880199667221,"I_G_K_A_N_C_S","correct","correct","correct","correct","correct","PASSED"
"3D7-HB3-90-10-10K_S70_L001","I","A","K","A","N","C","N",0.0810502283105023,0.0810502283105023,"I_A_K_A_N_C_N","correct","correct","correct","correct","dubious","PASSED"
"3D7-HB3-90-10-10K_S70_L001","I","G","K","A","N","C","N",0.0470695720222767,0.0470695720222767,"I_G_K_A_N_C_N","correct","correct","correct","correct","dubious","PASSED"
"3D7-HB3-90-10-10K_S90_L001","I","G","E","A","I","R","N",0.996715927750411,1,"I_G_E_A_I_R_N","correct","correct","correct","correct","correct","PASSED"
"3D7-HB3-90-10-10Ka_S54_L001","I","G","K","A","N","C","S",0.926052332195677,0.926052332195677,"I_G_K_A_N_C_S","correct","correct","correct","correct","correct","PASSED"
"3D7-HB3-90-10-10Ka_S54_L001","I","A","K","A","N","C","S",0.073947667804323,0.073947667804323,"I_A_K_A_N_C_S","correct","correct","correct","correct","dubious","PASSED"
"3D7-HB3-95-5-10K_S69_L001","I","G","K","A","N","C","S",1,1,"I_G_K_A_N_C_S","correct","correct","correct","correct","correct","PASSED"
"3D7-HB3-95-5-10K_S89_L001","I","G","E","A","I","R","N",0.997050147492625,1,"I_G_E_A_I_R_N","correct","correct","correct","correct","correct","PASSED"
"3D7-HB3-95-5-10Ka_S53_L001","I","G","K","A","N","C","S",1,1,"I_G_K_A_N_C_S","correct","correct","correct","correct","correct","PASSED"
"3D7100_S56_L001","I","G","K","A","N","C","N",0.565178571428571,0.565752356780275,"I_G_K_A_N_C_N","correct","correct","correct","correct","correct","PASSED"
"3D7100_S56_L001","I","G","K","A","I","R","S",0.392473731691786,0.392872182180813,"I_G_K_A_I_R_S","correct","correct","correct","correct","correct","PASSED"
"3D7100_S56_L001","I","A","K","A","N","C","S",0.015957331208346,0.0159735315445981,"I_A_K_A_N_C_S","correct","correct","dubious","dubious","dubious","PASSED"
"3D7_100Kb_S103","I","G","K","A","N","C","S",1,1,"I_G_K_A_N_C_S","correct","correct","correct","correct","correct","PASSED"
"3D7_10ka_S56","I","G","K","A","N","C","S",1,1,"I_G_K_A_N_C_S","correct","correct","correct","correct","correct","PASSED"
"3D7_10kb_S152","I","G","K","A","N","C","S",1,1,"I_G_K_A_N_C_S","correct","correct","correct","correct","correct","PASSED"
"D10-Density-10","I","A","E","A","N","C","S",0.743813682678311,0.743813682678311,"I_A_E_A_N_C_S","correct","correct","correct","correct","correct",NA
"D10-Density-10","I","A","K","A","N","C","N",0.0585615976251518,0.0585615976251518,"I_A_K_A_N_C_N","correct","correct","correct","correct","dubious","PASSED"
"D10-Density-100","I","A","E","A","N","C","S",0.761254612546125,0.761254612546125,"I_A_E_A_N_C_S","correct","correct","correct","correct","correct",NA
"D10-Density-100","I","A","K","A","N","C","S",0.238745387453875,0.238745387453875,"I_A_K_A_N_C_S","correct","correct","correct","correct","dubious","PASSED"
"D10-Density-10K","I","A","K","A","N","C","S",1,1,"I_A_K_A_N_C_S","correct","correct","correct","correct","correct","PASSED"
"D10-Density-1K","I","A","K","A","N","C","S",0.710185185185185,0.710185185185185,"I_A_K_A_N_C_S","correct","correct","correct","correct","correct","PASSED"
"DD2_K539T_100ka_S7","I","G","K","A","I","R","N",1,1,"I_G_K_A_I_R_N","correct","correct","correct","correct","correct","PASSED"
"DS2-DC1-10","I","G","E","A","I","R","N",1,1,"I_G_E_A_I_R_N","correct","correct","correct","correct","correct","PASSED"
"DS2-DC1-100","I","G","E","A","I","R","N",1,1,"I_G_E_A_I_R_N","correct","correct","correct","correct","correct","PASSED"
"DS2-DC1-10K","I","G","E","A","I","R","N",1,1,"I_G_E_A_I_R_N","correct","correct","correct","correct","correct","PASSED"
"DS2-DC1-1K","I","G","E","A","I","R","N",1,1,"I_G_E_A_I_R_N","correct","correct","correct","correct","correct","PASSED"
"DS2-DC2-10","I","G","E","A","I","R","S",0.666666666666667,0.666666666666667,"I_G_E_A_I_R_S","correct","correct","correct","correct","correct",NA
"DS2-DC2-10","I","G","E","A","I","R","N",0.333333333333333,0.333333333333333,"I_G_E_A_I_R_N","correct","correct","correct","correct","correct","PASSED"
"DS2-DC2-100","I","G","E","A","I","R","N",1,1,"I_G_E_A_I_R_N","correct","correct","correct","correct","correct","PASSED"
"DS2-DC2-10K","I","G","E","A","I","R","N",1,1,"I_G_E_A_I_R_N","correct","correct","correct","correct","correct","PASSED"
"DS2-DC2-1K","I","G","E","A","I","R","N",1,1,"I_G_E_A_I_R_N","correct","correct","correct","correct","correct","PASSED"
"DS2-DC3-10","I","G","E","A","I","R","N",1,1,"I_G_E_A_I_R_N","correct","correct","correct","correct","correct","PASSED"
"DS2-DC3-100","I","G","E","A","I","R","N",1,1,"I_G_E_A_I_R_N","correct","correct","correct","correct","correct","PASSED"
"DS2-DC3-10K","I","G","E","A","I","R","N",1,1,"I_G_E_A_I_R_N","correct","correct","correct","correct","correct","PASSED"
"DS2-DC3-1K","I","G","E","A","I","R","N",1,1,"I_G_E_A_I_R_N","correct","correct","correct","correct","correct","PASSED"
"DS2-DC4-10","I","G","E","A","I","R","N",1,1,"I_G_E_A_I_R_N","correct","correct","correct","correct","correct","PASSED"
"DS2-DC4-100","I","G","E","A","I","R","N",1,1,"I_G_E_A_I_R_N","correct","correct","correct","correct","correct","PASSED"
"DS2-DC4-10K","I","G","E","A","I","R","N",1,1,"I_G_E_A_I_R_N","correct","correct","correct","correct","correct","PASSED"
"DS2-DC4-1K","I","G","E","A","I","R","N",1,1,"I_G_E_A_I_R_N","correct","correct","correct","correct","correct","PASSED"
"DS2-DC5-10","I","G","E","A","I","R","N",1,1,"I_G_E_A_I_R_N","correct","correct","correct","correct","correct","PASSED"
"DS2-DC5-100","I","G","E","A","I","R","N",0.8,0.8,"I_G_E_A_I_R_N","correct","correct","correct","correct","correct","PASSED"
"DS2-DC5-100","I","G","K","A","I","R","N",0.2,0.2,"I_G_K_A_I_R_N","correct","correct","correct","correct","dubious","PASSED"
"DS2-DC5-10K","I","G","E","A","I","R","N",0.804469273743017,0.804469273743017,"I_G_E_A_I_R_N","correct","correct","correct","correct","correct","PASSED"
"DS2-DC5-10K","I","G","K","A","I","R","N",0.195530726256983,0.195530726256983,"I_G_K_A_I_R_N","correct","correct","correct","correct","dubious","PASSED"
"DS2-DC5-1K","I","G","E","A","I","R","N",0.808471454880295,0.808471454880295,"I_G_E_A_I_R_N","correct","correct","correct","correct","correct","PASSED"
"DS2-DC5-1K","I","G","K","A","I","R","N",0.191528545119705,0.191528545119705,"I_G_K_A_I_R_N","correct","correct","correct","correct","dubious","PASSED"
"Dd2-10","I","G","K","A","I","R","N",1,1,"I_G_K_A_I_R_N","correct","correct","correct","correct","correct","PASSED"
"Dd2-10-1","I","G","K","A","I","R","N",1,1,"I_G_K_A_I_R_N","correct","correct","correct","correct","correct","PASSED"
"Dd2-10-2","I","G","K","A","I","R","N",1,1,"I_G_K_A_I_R_N","correct","correct","correct","correct","correct","PASSED"
"Dd2-100","I","G","K","A","I","R","N",1,1,"I_G_K_A_I_R_N","correct","correct","correct","correct","correct","PASSED"
"Dd2-100-1","I","G","K","A","I","R","N",1,1,"I_G_K_A_I_R_N","correct","correct","correct","correct","correct","PASSED"
"Dd2-100-2","I","G","K","A","I","R","N",1,1,"I_G_K_A_I_R_N","correct","correct","correct","correct","correct","PASSED"
"Dd2-10K","I","G","K","A","I","R","N",1,1,"I_G_K_A_I_R_N","correct","correct","correct","correct","correct","PASSED"
"Dd2-10K-1","I","G","K","A","I","R","N",1,1,"I_G_K_A_I_R_N","correct","correct","correct","correct","correct","PASSED"
"Dd2-10K-2","I","G","K","A","I","R","N",1,1,"I_G_K_A_I_R_N","correct","correct","correct","correct","correct","PASSED"
"Dd2-10K_S56_L001","I","G","K","A","I","R","N",1,1,"I_G_K_A_I_R_N","correct","correct","correct","correct","correct","PASSED"
"Dd2-1K-1","I","G","K","A","I","R","N",1,1,"I_G_K_A_I_R_N","correct","correct","correct","correct","correct","PASSED"
"Dd2-1K-2","I","G","K","A","I","R","N",1,1,"I_G_K_A_I_R_N","correct","correct","correct","correct","correct","PASSED"
"HB3-Density-10","I","A","E","A","N","C","N",0.801817675971436,0.801817675971437,"I_A_E_A_N_C_N","correct","correct","correct","correct","correct",NA
"HB3-Density-10","I","A","K","A","N","C","N",0.188166558471669,0.188166558471669,"I_A_K_A_N_C_N","correct","correct","correct","correct","dubious","PASSED"
"HB3-Density-100","I","A","E","A","N","C","N",0.802692307692308,0.802692307692308,"I_A_E_A_N_C_N","correct","correct","correct","correct","correct",NA
"HB3-Density-100","I","A","K","A","N","C","N",0.197307692307692,0.197307692307692,"I_A_K_A_N_C_N","correct","correct","correct","correct","dubious","PASSED"
"HB3-Density-10K","I","A","K","A","N","C","N",1,1,"I_A_K_A_N_C_N","correct","correct","correct","correct","correct","PASSED"
"HB3-Density-1K","I","A","E","A","N","C","N",0.778221778221778,0.778221778221778,"I_A_E_A_N_C_N","correct","correct","correct","correct","correct",NA
"HB3-Density-1K","I","A","K","A","N","C","N",0.221778221778222,0.221778221778222,"I_A_K_A_N_C_N","correct","correct","correct","correct","dubious","PASSED"
"N3D7-100K_S7_L001","I","G","K","A","N","C","S",1,1,"I_G_K_A_N_C_S","correct","correct","correct","correct","correct","PASSED"
"N3D7-10k_S56_L001","I","G","K","A","N","C","S",0.981150793650794,0.981150793650794,"I_G_K_A_N_C_S","correct","correct","correct","correct","correct","PASSED"
"N3D7100KA_S7","I","G","K","A","I","R","N",1,1,"I_G_K_A_I_R_N","correct","correct","correct","correct","correct","PASSED"
"N3D7100KD_S208","I","G","K","A","N","C","S",1,1,"I_G_K_A_N_C_S","correct","correct","correct","correct","correct","PASSED"
"N3D7100K_S7_L001","I","G","K","A","N","C","S",1,1,"I_G_K_A_N_C_S","correct","correct","correct","correct","correct","PASSED"
"N3D7100K_a_S7","I","G","K","A","N","C","S",1,1,"I_G_K_A_N_C_S","correct","correct","correct","correct","correct","PASSED"
"N3D7100Ka_S7","I","G","K","A","N","C","S",1,1,"I_G_K_A_N_C_S","correct","correct","correct","correct","correct","PASSED"
"N3D7100Kb_S103","I","G","K","A","N","C","S",1,1,"I_G_K_A_N_C_S","correct","correct","correct","correct","correct","PASSED"
"N3D7100Kc_S199","I","G","K","A","N","C","S",1,1,"I_G_K_A_N_C_S","correct","correct","correct","correct","correct","PASSED"
"N3D7100Ke_S329","I","G","K","A","N","C","S",1,1,"I_G_K_A_N_C_S","correct","correct","correct","correct","correct","PASSED"
"N3D7100_S137","I","G","K","A","N","C","S",1,1,"I_G_K_A_N_C_S","correct","correct","correct","correct","correct","PASSED"
"N3D7100a_S56","I","G","K","A","N","C","S",1,1,"I_G_K_A_N_C_S","correct","correct","correct","correct","correct","PASSED"
"N3D7100c_S248","I","G","K","A","N","C","S",1,1,"I_G_K_A_N_C_S","correct","correct","correct","correct","correct","PASSED"
"N3D7100c_S272","I","G","K","A","N","C","S",1,1,"I_G_K_A_N_C_S","correct","correct","correct","correct","correct","PASSED"
"N3D7100d_S279","I","G","K","A","N","C","S",1,1,"I_G_K_A_N_C_S","correct","correct","correct","correct","correct","PASSED"
"N3D7100d_S322","I","G","K","A","N","C","S",1,1,"I_G_K_A_N_C_S","correct","correct","correct","correct","correct","PASSED"
"N3D710Kd_S320","I","G","K","A","N","C","S",1,1,"I_G_K_A_N_C_S","correct","correct","correct","correct","correct","PASSED"
"N3D710kA_S56","I","G","K","A","I","R","N",1,1,"I_G_K_A_I_R_N","correct","correct","correct","correct","correct","PASSED"
"N3D710k_S56_L001","I","G","K","A","N","C","S",1,1,"I_G_K_A_N_C_S","correct","correct","correct","correct","correct","PASSED"
"N3D710ka_S56","I","G","K","A","N","C","S",1,1,"I_G_K_A_N_C_S","correct","correct","correct","correct","correct","PASSED"
"N3D710kb_S152","I","G","K","A","N","C","S",1,1,"I_G_K_A_N_C_S","correct","correct","correct","correct","correct","PASSED"
"N3D710kc_S248","I","G","K","A","N","C","S",1,1,"I_G_K_A_N_C_S","correct","correct","correct","correct","correct","PASSED"
"N3D71KC_S192","I","G","K","A","N","C","S",1,1,"I_G_K_A_N_C_S","correct","correct","correct","correct","correct","PASSED"
"N3D71K_S90","I","G","K","A","N","C","S",1,1,"I_G_K_A_N_C_S","correct","correct","correct","correct","correct","PASSED"
"N3D71K_d_S196","I","G","K","A","N","C","S",1,1,"I_G_K_A_N_C_S","correct","correct","correct","correct","correct","PASSED"
"N3D71Ka_S7","I","G","K","A","N","C","S",1,1,"I_G_K_A_N_C_S","correct","correct","correct","correct","correct","PASSED"
"N3D7_100Ka_S7","I","G","K","A","N","C","S",1,1,"I_G_K_A_N_C_S","correct","correct","correct","correct","correct","PASSED"
"N3D7_100Ka_S7_L001","I","G","K","A","N","C","S",1,1,"I_G_K_A_N_C_S","correct","correct","correct","correct","correct","PASSED"
"N3D7_100Kb_S101","I","G","K","A","N","C","S",1,1,"I_G_K_A_N_C_S","correct","correct","correct","correct","correct","PASSED"
"N3D7_100Kb_S102","I","G","K","A","N","C","S",1,1,"I_G_K_A_N_C_S","correct","correct","correct","correct","correct","PASSED"
"N3D7_100Kb_S103","I","G","K","A","N","C","S",1,1,"I_G_K_A_N_C_S","correct","correct","correct","correct","correct","PASSED"
"N3D7_100Kc_S185","I","G","K","A","N","C","S",1,1,"I_G_K_A_N_C_S","correct","correct","correct","correct","correct","PASSED"
"N3D7_100Kc_S197","I","G","K","A","N","C","S",1,1,"I_G_K_A_N_C_S","correct","correct","correct","correct","correct","PASSED"
"N3D7_100Kc_S199","I","G","K","A","N","C","S",1,1,"I_G_K_A_N_C_S","correct","correct","correct","correct","correct","PASSED"
"N3D7_100a_S56","I","G","K","A","N","C","S",1,1,"I_G_K_A_N_C_S","correct","correct","correct","correct","correct","PASSED"
"N3D7_100d_S283","I","G","K","A","N","C","S",1,1,"I_G_K_A_N_C_S","correct","correct","correct","correct","correct","PASSED"
"N3D7_10ka_S56","I","G","K","A","N","C","S",1,1,"I_G_K_A_N_C_S","correct","correct","correct","correct","correct","PASSED"
"N3D7_10ka_S56_L001","I","G","K","A","N","C","S",1,1,"I_G_K_A_N_C_S","correct","correct","correct","correct","correct","PASSED"
"N3D7_10kb_S150","I","G","K","A","N","C","S",1,1,"I_G_K_A_N_C_S","correct","correct","correct","correct","correct","PASSED"
"N3D7_10kb_S151","I","G","K","A","N","C","S",1,1,"I_G_K_A_N_C_S","correct","correct","correct","correct","correct","PASSED"
"N3D7_10kb_S152","I","G","K","A","N","C","S",1,1,"I_G_K_A_N_C_S","correct","correct","correct","correct","correct","PASSED"
"N3D7_10kc_S234","I","G","K","A","N","C","S",1,1,"I_G_K_A_N_C_S","correct","correct","correct","correct","correct","PASSED"
"N3D7_10kc_S244","I","G","K","A","N","C","S",1,1,"I_G_K_A_N_C_S","correct","correct","correct","correct","correct","PASSED"
"N3D7_10kc_S248","I","G","K","A","N","C","S",1,1,"I_G_K_A_N_C_S","correct","correct","correct","correct","correct","PASSED"
"N3D7_10kc_S248_L001","I","G","K","A","N","C","S",1,1,"I_G_K_A_N_C_S","correct","correct","correct","correct","correct","PASSED"
"N3D7_1Ka_S7","I","G","K","A","N","C","S",1,1,"I_G_K_A_N_C_S","correct","correct","correct","correct","correct","PASSED"
"N3D7_Dd2_k13_0_S162","I","G","K","A","I","R","N",1,1,"I_G_K_A_I_R_N","correct","correct","correct","correct","correct","PASSED"
"N3D7_Dd2_k13_100_S146","I","G","K","A","N","C","S",1,1,"I_G_K_A_N_C_S","correct","correct","correct","correct","correct","PASSED"
"N3D7_Dd2_k13_10_S158","I","G","K","A","I","R","N",0.917105263157895,0.917105263157895,"I_G_K_A_I_R_N","correct","correct","correct","correct","correct","PASSED"
"N3D7_Dd2_k13_10_S158","I","G","K","A","N","C","N",0.082894736842105,0.082894736842105,"I_G_K_A_N_C_N","correct","correct","correct","correct","dubious","PASSED"
"N3D7_Dd2_k13_1_S161","I","G","K","A","I","R","N",1,1,"I_G_K_A_I_R_N","correct","correct","correct","correct","correct","PASSED"
"N3D7_Dd2_k13_25_S157","I","G","K","A","I","R","N",0.694781987133667,0.700649104610982,"I_G_K_A_I_R_N","correct","correct","correct","correct","correct","PASSED"
"N3D7_Dd2_k13_25_S157","I","G","K","A","N","C","S",0.296844181459566,0.299350895389018,"I_G_K_A_N_C_S","correct","correct","correct","correct","correct","PASSED"
"N3D7_Dd2_k13_2_S160","I","G","K","A","I","R","N",1,1,"I_G_K_A_I_R_N","correct","correct","correct","correct","correct","PASSED"
"N3D7_Dd2_k13_40_S156","I","G","K","A","I","R","N",0.558842443729904,0.558842443729904,"I_G_K_A_I_R_N","correct","correct","correct","correct","correct","PASSED"
"N3D7_Dd2_k13_40_S156","I","G","K","A","N","C","S",0.429829389102917,0.429829389102917,"I_G_K_A_N_C_S","correct","correct","correct","correct","correct","PASSED"
"N3D7_Dd2_k13_40_S156","I","G","K","A","I","R","S",0.011328167167179,0.011328167167179,"I_G_K_A_I_R_S","correct","correct","dubious","dubious","dubious","PASSED"
"N3D7_Dd2_k13_50_S155","I","G","K","A","N","C","S",0.542184434270765,0.545596769272681,"I_G_K_A_N_C_S","correct","correct","correct","correct","correct","PASSED"
"N3D7_Dd2_k13_50_S155","I","G","K","A","I","R","N",0.451561248999199,0.454403230727319,"I_G_K_A_I_R_N","correct","correct","correct","correct","correct","PASSED"
"N3D7_Dd2_k13_5_S159","I","G","K","A","I","R","N",0.952286282306163,0.952917771883289,"I_G_K_A_I_R_N","correct","correct","correct","correct","correct","PASSED"
"N3D7_Dd2_k13_5_S159","I","G","K","A","N","C","N",0.0470510271703115,0.0470822281167109,"I_G_K_A_N_C_N","correct","correct","correct","correct","dubious","PASSED"
"N3D7_Dd2_k13_60_S154","I","G","K","A","N","C","S",0.642270861833105,0.642270861833105,"I_G_K_A_N_C_S","correct","correct","correct","correct","correct","PASSED"
"N3D7_Dd2_k13_60_S154","I","G","K","A","I","R","N",0.330508474576271,0.330508474576271,"I_G_K_A_I_R_N","correct","correct","correct","correct","correct","PASSED"
"N3D7_Dd2_k13_60_S154","I","G","K","A","I","R","S",0.027220663590624,0.027220663590624,"I_G_K_A_I_R_S","correct","correct","dubious","dubious","dubious","PASSED"
"N3D7_Dd2_k13_75_S153","I","G","K","A","N","C","S",0.737662337662338,0.737662337662338,"I_G_K_A_N_C_S","correct","correct","correct","correct","correct","PASSED"
"N3D7_Dd2_k13_75_S153","I","G","K","A","I","R","S",0.262337662337662,0.262337662337662,"I_G_K_A_I_R_S","correct","correct","correct","correct","dubious","PASSED"
"N3D7_Dd2_k13_90_S150","I","G","K","A","N","C","S",0.937351308485329,0.937351308485329,"I_G_K_A_N_C_S","correct","correct","correct","correct","correct","PASSED"
"N3D7_Dd2_k13_90_S150","I","G","K","A","I","R","S",0.0626486915146709,0.0626486915146709,"I_G_K_A_I_R_S","correct","correct","correct","correct","dubious","PASSED"
"N3D7_Dd2_k13_95_S149","I","G","K","A","N","C","S",0.93891797556719,0.93891797556719,"I_G_K_A_N_C_S","correct","correct","correct","correct","correct","PASSED"
"N3D7_Dd2_k13_95_S149","I","G","K","A","I","R","S",0.0610820244328098,0.0610820244328098,"I_G_K_A_I_R_S","correct","correct","correct","correct","dubious","PASSED"
"N3D7_Dd2_k13_98_S148","I","G","K","A","N","C","S",0.962732919254658,0.962732919254658,"I_G_K_A_N_C_S","correct","correct","correct","correct","correct","PASSED"
"N3D7_Dd2_k13_98_S148","I","G","K","A","I","R","S",0.0372670807453416,0.0372670807453416,"I_G_K_A_I_R_S","correct","correct","correct","correct","dubious","PASSED"
"N3D7_Dd2_k13_99_S147","I","G","K","A","N","C","S",1,1,"I_G_K_A_N_C_S","correct","correct","correct","correct","correct","PASSED"
"N3D7plusHB3_k13100_S181","I","G","K","A","N","C","S",1,1,"I_G_K_A_N_C_S","correct","correct","correct","correct","correct","PASSED"
"N3D7plusHB3_k13100i_S195","I","A","K","A","N","C","N",1,1,"I_A_K_A_N_C_N","correct","correct","correct","correct","correct","PASSED"
"N3D7plusHB3_k1310_90_S191","I","A","K","A","N","C","N",0.82238570677877,0.82238570677877,"I_A_K_A_N_C_N","correct","correct","correct","correct","correct","PASSED"
"N3D7plusHB3_k1310_90_S191","I","G","K","A","N","C","S",0.161401990480312,0.161401990480312,"I_G_K_A_N_C_S","correct","correct","correct","correct","dubious","PASSED"
"N3D7plusHB3_k1310_90_S191","I","G","K","A","N","C","N",0.016212302740918,0.016212302740918,"I_G_K_A_N_C_N","correct","correct","dubious","dubious","dubious","PASSED"
"N3D7plusHB3_k131_99_S194","I","A","K","A","N","C","N",0.990082037467859,1,"I_A_K_A_N_C_N","correct","correct","correct","correct","correct","PASSED"
"N3D7plusHB3_k1325_75_S190","I","A","K","A","N","C","N",0.699891657638137,0.699891657638137,"I_A_K_A_N_C_N","correct","correct","correct","correct","correct","PASSED"
"N3D7plusHB3_k1325_75_S190","I","G","K","A","N","C","S",0.275673208580557,0.275673208580557,"I_G_K_A_N_C_S","correct","correct","correct","correct","dubious","PASSED"
"N3D7plusHB3_k1325_75_S190","I","G","K","A","N","C","N",0.024435133781306,0.024435133781306,"I_G_K_A_N_C_N","correct","correct","dubious","dubious","dubious","PASSED"
"N3D7plusHB3_k132_98_S193","I","A","K","A","N","C","N",1,1,"I_A_K_A_N_C_N","correct","correct","correct","correct","correct","PASSED"
"N3D7plusHB3_k1340_60_S189","I","A","K","A","N","C","N",0.533756949960286,0.533756949960286,"I_A_K_A_N_C_N","correct","correct","correct","correct","correct","PASSED"
"N3D7plusHB3_k1340_60_S189","I","G","K","A","N","C","S",0.439087947882736,0.439087947882736,"I_G_K_A_N_C_S","correct","correct","correct","correct","correct","PASSED"
"N3D7plusHB3_k1340_60_S189","I","G","K","A","N","C","N",0.027155102156978,0.027155102156978,"I_G_K_A_N_C_N","correct","correct","dubious","dubious","dubious","PASSED"
"N3D7plusHB3_k1350_50_S188","I","G","K","A","N","C","S",0.55418863503222,0.55418863503222,"I_G_K_A_N_C_S","correct","correct","correct","correct","correct","PASSED"
"N3D7plusHB3_k1350_50_S188","I","A","K","A","N","C","N",0.414571575166752,0.414571575166752,"I_A_K_A_N_C_N","correct","correct","correct","correct","correct","PASSED"
"N3D7plusHB3_k1350_50_S188","I","A","K","A","N","C","S",0.0312397898010279,0.0312397898010279,"I_A_K_A_N_C_S","correct","correct","dubious","dubious","dubious","PASSED"
"N3D7plusHB3_k135_95_S192","I","A","K","A","N","C","N",1,1,"I_A_K_A_N_C_N","correct","correct","correct","correct","correct","PASSED"
"N3D7plusHB3_k1375_25_S186","I","G","K","A","N","C","S",0.792732855680655,0.792732855680655,"I_G_K_A_N_C_S","correct","correct","correct","correct","correct","PASSED"
"N3D7plusHB3_k1375_25_S186","I","A","K","A","N","C","N",0.196333815726001,0.196333815726001,"I_A_K_A_N_C_N","correct","correct","correct","correct","dubious","PASSED"
"N3D7plusHB3_k1375_25_S186","I","A","K","A","N","C","S",0.010933328593344,0.010933328593344,"I_A_K_A_N_C_S","correct","correct","dubious","dubious","dubious","PASSED"
"N3D7plusHB3_k1390_10_S185","I","G","K","A","N","C","S",0.93038961038961,0.93038961038961,"I_G_K_A_N_C_S","correct","correct","correct","correct","correct","PASSED"
"N3D7plusHB3_k1390_10_S185","I","A","K","A","N","C","S",0.0696103896103896,0.0696103896103896,"I_A_K_A_N_C_S","correct","correct","correct","correct","dubious","PASSED"
"N3D7plusHB3_k1395_5_S184","I","G","K","A","N","C","S",1,1,"I_G_K_A_N_C_S","correct","correct","correct","correct","correct","PASSED"
"N3D7plusHB3_k1399_1_S182","I","G","K","A","N","C","S",1,1,"I_G_K_A_N_C_S","correct","correct","correct","correct","correct","PASSED"
"N3DplusHB3_k1360_40_S187","I","G","K","A","N","C","S",0.651778955336866,0.651778955336866,"I_G_K_A_N_C_S","correct","correct","correct","correct","correct","PASSED"
"N3DplusHB3_k1360_40_S187","I","A","K","A","N","C","N",0.313883299798793,0.313883299798793,"I_A_K_A_N_C_N","correct","correct","correct","correct","correct","PASSED"
"N3DplusHB3_k1360_40_S187","I","A","K","A","N","C","S",0.0343377448643409,0.0343377448643409,"I_A_K_A_N_C_S","correct","correct","dubious","dubious","dubious","PASSED"
"NDD2_D3_S201","I","G","K","A","I","R","N",0.595814977973568,0.597130242825607,"I_G_K_A_I_R_N","correct","correct","correct","correct","correct","PASSED"
"NDD2_D3_S201","I","A","K","A","N","C","N",0.299278846153846,0.29993950585838,"I_A_K_A_N_C_N","correct","correct","correct","correct","correct","PASSED"
"NDD2_D3_S201","I","G","K","A","N","C","N",0.10270353270078,0.102930251316014,"I_G_K_A_N_C_N","correct","correct","correct","correct","dubious","PASSED"
"NDD2_D4_S202","I","A","K","A","N","C","N",1,1,"I_A_K_A_N_C_N","correct","correct","correct","correct","correct","PASSED"
"NDd2-100k_S95_L001","I","G","K","A","I","R","N",1,1,"I_G_K_A_I_R_N","correct","correct","correct","correct","correct","PASSED"
"NDd2-10k_S96_L001","I","G","K","A","I","R","N",0.929129928464482,0.931117797374333,"I_G_K_A_I_R_N","correct","correct","correct","correct","correct","PASSED"
"NDd2-10k_S96_L001","I","G","K","A","N","C","S",0.0503842869342442,0.0504920838682071,"I_G_K_A_N_C_S","correct","correct","correct","correct","dubious","PASSED"
"NDd2-10k_S96_L001","I","G","K","A","I","R","S",0.018350857188806,0.0183901187574599,"I_G_K_A_I_R_S","correct","correct","dubious","dubious","dubious","PASSED"
"NDd2100KB_S96","I","G","K","A","I","R","N",1,1,"I_G_K_A_I_R_N","correct","correct","correct","correct","correct","PASSED"
"NDd2100Ka_S7","I","G","K","A","I","R","N",1,1,"I_G_K_A_I_R_N","correct","correct","correct","correct","correct","PASSED"
"NDd2100Kb_S103","I","G","K","A","I","R","N",1,1,"I_G_K_A_I_R_N","correct","correct","correct","correct","correct","PASSED"
"NDd2100Kc_S199","I","G","K","A","N","C","S",1,1,"I_G_K_A_N_C_S","correct","correct","correct","correct","correct","PASSED"
"NDd210kB_S145","I","G","K","A","I","R","N",1,1,"I_G_K_A_I_R_N","correct","correct","correct","correct","correct","PASSED"
"NDd210kD_S255","I","G","K","A","I","R","N",1,1,"I_G_K_A_I_R_N","correct","correct","correct","correct","correct","PASSED"
"NDd210ka_S56","I","G","K","A","I","R","N",1,1,"I_G_K_A_I_R_N","correct","correct","correct","correct","correct","PASSED"
"NDd210kb_S152","I","G","K","A","I","R","N",1,1,"I_G_K_A_I_R_N","correct","correct","correct","correct","correct","PASSED"
"NDd21Kc_S199","I","G","K","A","I","R","N",1,1,"I_G_K_A_I_R_N","correct","correct","correct","correct","correct","PASSED"
"NDd21Kd_S295","I","G","K","A","I","R","N",1,1,"I_G_K_A_I_R_N","correct","correct","correct","correct","correct","PASSED"
"NDd21Kd_S322","I","G","K","A","I","R","N",1,1,"I_G_K_A_I_R_N","correct","correct","correct","correct","correct","PASSED"
"NDd2_100Kb_S103_L001","I","G","K","A","I","R","N",1,1,"I_G_K_A_I_R_N","correct","correct","correct","correct","correct","PASSED"
"NDd2_100Kc_S199_L001","I","G","K","A","I","R","N",1,1,"I_G_K_A_I_R_N","correct","correct","correct","correct","correct","PASSED"
"NDd2_10kb_S152_L001","I","G","K","A","I","R","N",1,1,"I_G_K_A_I_R_N","correct","correct","correct","correct","correct","PASSED"
"NFIND_1_S277","I","G","K","A","I","R","N",0.601340033500838,0.601340033500838,"I_G_K_A_I_R_N","correct","correct","correct","correct","correct","PASSED"
"NFIND_1_S277","V","G","K","G","I","R","N",0.376325088339223,0.376325088339223,"V_G_K_G_I_R_N","correct","correct","correct","correct","correct",NA
"NFIND_2_S278","I","G","K","A","I","R","N",1,1,"I_G_K_A_I_R_N","correct","correct","correct","correct","correct","PASSED"
"NFIND_3_S279","I","G","E","G","I","C","N",1,1,"I_G_E_G_I_C_N","correct","correct","correct","correct","correct",NA
"NFIND_4_S280","I","G","E","G","I","C","N",1,1,"I_G_E_G_I_C_N","correct","correct","correct","correct","correct",NA
"NFIND_6_S123","V","G","K","G","I","R","N",1,1,"V_G_K_G_I_R_N","correct","correct","correct","correct","correct",NA
"QS1-QC4-10","I","G","E","A","I","R","N",1,1,"I_G_E_A_I_R_N","correct","correct","correct","correct","correct","PASSED"
"QS1-QC4-100","I","G","K","A","I","R","N",0.641123882503193,0.641123882503193,"I_G_K_A_I_R_N","correct","correct","correct","correct","correct","PASSED"
"QS1-QC4-100","I","A","K","A","N","C","N",0.205194805194805,0.205194805194805,"I_A_K_A_N_C_N","correct","correct","correct","correct","dubious","PASSED"
"QS1-QC4-10K","I","G","K","A","I","R","N",0.769516728624535,0.774133312400427,"I_G_K_A_I_R_N","correct","correct","correct","correct","correct","PASSED"
"QS1-QC4-10K","I","G","E","A","I","R","N",0.017915946420348,0.0180234300714465,"I_G_E_A_I_R_N","correct","correct","dubious","dubious","dubious","PASSED"
"QS1-QC4-1K","I","G","K","A","I","R","N",0.69299674267101,0.69543340247715,"I_G_K_A_I_R_N","correct","correct","correct","correct","correct","PASSED"
"TS2-TC1-10","I","A","K","A","N","C","N",0.524886877828054,0.529791963725891,"I_A_K_A_N_C_N","correct","correct","correct","correct","correct","PASSED"
"TS2-TC1-10","I","G","K","A","N","C","S",0.20114051943222,0.203020184493448,"I_G_K_A_N_C_S","correct","correct","correct","correct","dubious","PASSED"
"TS2-TC1-100","I","A","K","A","N","C","S",0.772532188841202,0.772532188841202,"I_A_K_A_N_C_S","correct","correct","correct","correct","correct","PASSED"
"TS2-TC1-100","I","G","K","A","I","R","S",0.091636429425777,0.091636429425777,"I_G_K_A_I_R_S","correct","correct","correct","correct","dubious","PASSED"
"TS2-TC1-10K","I","A","K","A","N","C","S",0.596423017107309,0.598246639052153,"I_A_K_A_N_C_S","correct","correct","correct","correct","correct","PASSED"
"TS2-TC1-10K","I","G","K","A","I","R","N",0.102362204724409,0.102675187217545,"I_G_K_A_I_R_N","correct","correct","correct","correct","dubious","PASSED"
"TS2-TC1-10K","I","G","K","A","N","C","N",0.03455841328305,0.0346640790253743,"I_G_K_A_N_C_N","correct","correct","dubious","dubious","dubious","PASSED"
"TS2-TC1-1K","I","A","K","A","N","C","S",0.633165829145729,0.633869381587646,"I_A_K_A_N_C_S","correct","correct","correct","correct","correct","PASSED"
"TS2-TC1-1K","I","G","K","A","I","R","N",0.137150936726759,0.137303334206224,"I_G_K_A_I_R_N","correct","correct","correct","correct","dubious","PASSED"
"TS2-TC1-1K","I","A","K","A","N","C","N",0.01450294953026,0.014519064716973,"I_A_K_A_N_C_N","correct","correct","dubious","dubious","dubious","PASSED"
